-- phpMyAdmin SQL Dump
-- version 4.0.4.1
-- http://www.phpmyadmin.net
--
-- Host: 127.0.0.1
-- Generation Time: Jan 28, 2014 at 05:28 PM
-- Server version: 5.6.11
-- PHP Version: 5.5.3

SET SQL_MODE = "NO_AUTO_VALUE_ON_ZERO";
SET time_zone = "+00:00";


/*!40101 SET @OLD_CHARACTER_SET_CLIENT=@@CHARACTER_SET_CLIENT */;
/*!40101 SET @OLD_CHARACTER_SET_RESULTS=@@CHARACTER_SET_RESULTS */;
/*!40101 SET @OLD_COLLATION_CONNECTION=@@COLLATION_CONNECTION */;
/*!40101 SET NAMES utf8 */;

--
-- Database: `matrimony`
--
CREATE DATABASE IF NOT EXISTS `matrimony` DEFAULT CHARACTER SET utf8 COLLATE utf8_general_ci;
USE `matrimony`;

-- --------------------------------------------------------

--
-- Table structure for table `castes`
--

CREATE TABLE IF NOT EXISTS `castes` (
  `caste_id` smallint(3) unsigned NOT NULL AUTO_INCREMENT,
  `caste` varchar(50) NOT NULL,
  UNIQUE KEY `id` (`caste_id`)
) ENGINE=InnoDB  DEFAULT CHARSET=utf8 AUTO_INCREMENT=22 ;

--
-- Dumping data for table `castes`
--

INSERT INTO `castes` (`caste_id`, `caste`) VALUES
(1, 'Adi Dravida'),
(2, 'Anglo Indian'),
(3, 'Cheraman'),
(4, 'Fernando'),
(5, 'Garo'),
(6, 'Goan'),
(7, 'Khasi'),
(8, 'Knanaya'),
(9, 'Kuki'),
(10, 'Madiga'),
(11, 'Mahar'),
(12, 'Mala'),
(13, 'Matang'),
(14, 'Mizo'),
(15, 'Mukkuvar'),
(16, 'Nadar'),
(17, 'Naga'),
(18, 'SC'),
(19, 'ST'),
(20, 'Intercaste'),
(21, 'Others');

-- --------------------------------------------------------

--
-- Table structure for table `cities`
--

CREATE TABLE IF NOT EXISTS `cities` (
  `city_id` smallint(5) unsigned NOT NULL AUTO_INCREMENT,
  `city_name` varchar(40) NOT NULL,
  `state_id` smallint(3) unsigned NOT NULL,
  PRIMARY KEY (`city_id`),
  KEY `state_id` (`state_id`)
) ENGINE=InnoDB  DEFAULT CHARSET=utf8 AUTO_INCREMENT=1499 ;

--
-- Dumping data for table `cities`
--

INSERT INTO `cities` (`city_id`, `city_name`, `state_id`) VALUES
(1, 'Port Blair', 52),
(2, 'Adilabad', 53),
(3, 'Adoni', 53),
(4, 'Amadalavalasa', 53),
(5, 'Amalapuram', 53),
(6, 'Anakapalle', 53),
(7, 'Anantapur', 53),
(8, 'Badepalle', 53),
(9, 'Banganapalle', 53),
(10, 'Bapatla', 53),
(11, 'Bellampalle', 53),
(12, 'Bethamcherla', 53),
(13, 'Bhadrachalam', 53),
(14, 'Bhainsa', 53),
(15, 'Bheemunipatnam', 53),
(16, 'Bhimavaram', 53),
(17, 'Bhongir', 53),
(18, 'Bobbili', 53),
(19, 'Bodhan', 53),
(20, 'Chilakaluripet', 53),
(21, 'Chirala', 53),
(22, 'Chittoor', 53),
(23, 'Cuddapah', 53),
(24, 'Devarakonda', 53),
(25, 'Dharmavaram', 53),
(26, 'Eluru', 53),
(27, 'Farooqnagar', 53),
(28, 'Gadwal', 53),
(29, 'Gooty', 53),
(30, 'Gudivada', 53),
(31, 'Gudur', 53),
(32, 'Guntakal', 53),
(33, 'Guntur', 53),
(34, 'Hanuman Junction', 53),
(35, 'Hindupur', 53),
(36, 'Hyderabad', 53),
(37, 'Ichchapuram', 53),
(38, 'Jaggaiahpet', 53),
(39, 'Jagtial', 53),
(40, 'Jammalamadugu', 53),
(41, 'Jangaon', 53),
(42, 'Kadapa', 53),
(43, 'Kadiri', 53),
(44, 'Kagaznagar', 53),
(45, 'Kakinada', 53),
(46, 'Kalyandurg', 53),
(47, 'Kamareddy', 53),
(48, 'Kandukur', 53),
(49, 'Karimnagar', 53),
(50, 'Kavali', 53),
(51, 'Khammam', 53),
(52, 'Koratla', 53),
(53, 'Kothagudem', 53),
(54, 'Kothapeta', 53),
(55, 'Kovvur', 53),
(56, 'Kurnool', 53),
(57, 'Kyathampalle', 53),
(58, 'Macherla', 53),
(59, 'Machilipatnam', 53),
(60, 'Madanapalle', 53),
(61, 'Mahbubnagar', 53),
(62, 'Mancherial', 53),
(63, 'Mandamarri', 53),
(64, 'Mandapeta', 53),
(65, 'Manuguru', 53),
(66, 'Markapur', 53),
(67, 'Medak', 53),
(68, 'Miryalaguda', 53),
(69, 'Mogalthur', 53),
(70, 'Nagari', 53),
(71, 'Nagarkurnool', 53),
(72, 'Nandyal', 53),
(73, 'Narasapur', 53),
(74, 'Narasaraopet', 53),
(75, 'Narayanpet', 53),
(76, 'Narsipatnam', 53),
(77, 'Nellore', 53),
(78, 'Nidadavole', 53),
(79, 'Nirmal', 53),
(80, 'Nizamabad', 53),
(81, 'Nuzvid', 53),
(82, 'Ongole', 53),
(83, 'Palacole', 53),
(84, 'Palasa Kasibugga', 53),
(85, 'Palwancha', 53),
(86, 'Parvathipuram', 53),
(87, 'Pedana', 53),
(88, 'Peddapuram', 53),
(89, 'Pithapuram', 53),
(90, 'Pondur', 53),
(91, 'Ponnur', 53),
(92, 'Proddatur', 53),
(93, 'Punganur', 53),
(94, 'Puttur', 53),
(95, 'Rajahmundry', 53),
(96, 'Rajam', 53),
(97, 'Ramachandrapuram', 53),
(98, 'Ramagundam', 53),
(99, 'Rayachoti', 53),
(100, 'Rayadurg', 53),
(101, 'Renigunta', 53),
(102, 'Repalle', 53),
(103, 'Sadasivpet', 53),
(104, 'Salur', 53),
(105, 'Samalkot', 53),
(106, 'Sangareddy', 53),
(107, 'Sattenapalle', 53),
(108, 'Siddipet', 53),
(109, 'Singapur', 53),
(110, 'Sircilla', 53),
(111, 'Srikakulam', 53),
(112, 'Srikalahasti', 53),
(113, 'Suryapet', 53),
(114, 'Tadepalligudem', 53),
(115, 'Tadpatri', 53),
(116, 'Tandur', 53),
(117, 'Tanuku', 53),
(118, 'Tenali', 53),
(119, 'Tirupati', 53),
(120, 'Tuni', 53),
(121, 'Uravakonda', 53),
(122, 'Venkatagiri', 53),
(123, 'Vicarabad', 53),
(124, 'Vijayawada', 53),
(125, 'Vinukonda', 53),
(126, 'Visakhapatnam', 53),
(127, 'Vizianagaram', 53),
(128, 'Wanaparthy', 53),
(129, 'Warangal', 53),
(130, 'Yellandu', 53),
(131, 'Yemmiganur', 53),
(132, 'Yerraguntla', 53),
(133, 'Zahirabad', 53),
(134, 'Rajampet', 53),
(135, 'Along', 54),
(136, 'Bomdila', 54),
(137, 'Itanagar', 54),
(138, 'Naharlagun', 54),
(139, 'Pasighat', 54),
(140, 'Abhayapuri', 55),
(141, 'Amguri', 55),
(142, 'Anandnagaar', 55),
(143, 'Barpeta', 55),
(144, 'Barpeta Road', 55),
(145, 'Bilasipara', 55),
(146, 'Bongaigaon', 55),
(147, 'Dhekiajuli', 55),
(148, 'Dhubri', 55),
(149, 'Dibrugarh', 55),
(150, 'Digboi', 55),
(151, 'Diphu', 55),
(152, 'Dispur', 55),
(153, 'Gauripur', 55),
(154, 'Goalpara', 55),
(155, 'Golaghat', 55),
(156, 'Guwahati', 55),
(157, 'Haflong', 55),
(158, 'Hailakandi', 55),
(159, 'Hojai', 55),
(160, 'Jorhat', 55),
(161, 'Karimganj', 55),
(162, 'Kokrajhar', 55),
(163, 'Lanka', 55),
(164, 'Lumding', 55),
(165, 'Mangaldoi', 55),
(166, 'Mankachar', 55),
(167, 'Margherita', 55),
(168, 'Mariani', 55),
(169, 'Marigaon', 55),
(170, 'Nagaon', 55),
(171, 'Nalbari', 55),
(172, 'North Lakhimpur', 55),
(173, 'Rangia', 55),
(174, 'Sibsagar', 55),
(175, 'Silapathar', 55),
(176, 'Silchar', 55),
(177, 'Tezpur', 55),
(178, 'Tinsukia', 55),
(179, 'Amarpur', 56),
(180, 'Araria', 56),
(181, 'Areraj', 56),
(182, 'Arrah', 56),
(183, 'Asarganj', 56),
(184, 'Aurangabad', 56),
(185, 'Bagaha', 56),
(186, 'Bahadurganj', 56),
(187, 'Bairgania', 56),
(188, 'Bakhtiarpur', 56),
(189, 'Banka', 56),
(190, 'Banmankhi Bazar', 56),
(191, 'Barahiya', 56),
(192, 'Barauli', 56),
(193, 'Barbigha', 56),
(194, 'Barh', 56),
(195, 'Begusarai', 56),
(196, 'Behea', 56),
(197, 'Bettiah', 56),
(198, 'Bhabua', 56),
(199, 'Bhagalpur', 56),
(200, 'Bihar Sharif', 56),
(201, 'Bikramganj', 56),
(202, 'Bodh Gaya', 56),
(203, 'Buxar', 56),
(204, 'Chandan Bara', 56),
(205, 'Chanpatia', 56),
(206, 'Chhapra', 56),
(207, 'Colgong', 56),
(208, 'Dalsinghsarai', 56),
(209, 'Darbhanga', 56),
(210, 'Daudnagar', 56),
(211, 'Dehri-on-Sone', 56),
(212, 'Dhaka', 56),
(213, 'Dighwara', 56),
(214, 'Dumraon', 56),
(215, 'Fatwah', 56),
(216, 'Forbesganj', 56),
(217, 'Gaya', 56),
(218, 'Gogri Jamalpur', 56),
(219, 'Gopalganj', 56),
(220, 'Hajipur', 56),
(221, 'Hilsa', 56),
(222, 'Hisua', 56),
(223, 'Islampur', 56),
(224, 'Jagdispur', 56),
(225, 'Jamalpur', 56),
(226, 'Jamui', 56),
(227, 'Jehanabad', 56),
(228, 'Jhajha', 56),
(229, 'Jhanjharpur', 56),
(230, 'Jogabani', 56),
(231, 'Kanti', 56),
(232, 'Katihar', 56),
(233, 'Khagaria', 56),
(234, 'Kharagpur', 56),
(235, 'Kishanganj', 56),
(236, 'Lakhisarai', 56),
(237, 'Lalganj', 56),
(238, 'Madhepura', 56),
(239, 'Madhubani', 56),
(240, 'Maharajganj', 56),
(241, 'Mahnar Bazar', 56),
(242, 'Makhdumpur', 56),
(243, 'Maner', 56),
(244, 'Manihari', 56),
(245, 'Marhaura', 56),
(246, 'Masaurhi', 56),
(247, 'Mirganj', 56),
(248, 'Mokameh', 56),
(249, 'Motihari', 56),
(250, 'Motipur', 56),
(251, 'Munger', 56),
(252, 'Murliganj', 56),
(253, 'Muzaffarpur', 56),
(254, 'Narkatiaganj', 56),
(255, 'Naugachhia', 56),
(256, 'Nawada', 56),
(257, 'Nokha', 56),
(258, 'Patna', 56),
(259, 'Piro', 56),
(260, 'Purnia', 56),
(261, 'Rafiganj', 56),
(262, 'Rajgir', 56),
(263, 'Ramnagar', 56),
(264, 'Raxaul Bazar', 56),
(265, 'Revelganj', 56),
(266, 'Rosera', 56),
(267, 'Saharsa', 56),
(268, 'Samastipur', 56),
(269, 'Sasaram', 56),
(270, 'Sheikhpura', 56),
(271, 'Sheohar', 56),
(272, 'Sherghati', 56),
(273, 'Silao', 56),
(274, 'Sitamarhi', 56),
(275, 'Siwan', 56),
(276, 'Sonepur', 56),
(277, 'Sugauli', 56),
(278, 'Sultanganj', 56),
(279, 'Supaul', 56),
(280, 'Warisaliganj', 56),
(281, 'Ahiwara', 57),
(282, 'Akaltara', 57),
(283, 'Ambagarh Chowki', 57),
(284, 'Ambikapur', 57),
(285, 'Arang', 57),
(286, 'Bade Bacheli', 57),
(287, 'Balod', 57),
(288, 'Baloda Bazar', 57),
(289, 'Bemetra', 57),
(290, 'Bhatapara', 57),
(291, 'Bilaspur', 57),
(292, 'Birgaon', 57),
(293, 'Champa', 57),
(294, 'Chirmiri', 57),
(295, 'Dalli-Rajhara', 57),
(296, 'Dhamtari', 57),
(297, 'Dipka', 57),
(298, 'Dongargarh', 57),
(299, 'Durg-Bhilai Nagar', 57),
(300, 'Gobranawapara', 57),
(301, 'Jagdalpur', 57),
(302, 'Janjgir', 57),
(303, 'Jashpurnagar', 57),
(304, 'Kanker', 57),
(305, 'Kawardha', 57),
(306, 'Kondagaon', 57),
(307, 'Korba', 57),
(308, 'Mahasamund', 57),
(309, 'Mahendragarh', 57),
(310, 'Mungeli', 57),
(311, 'Naila Janjgir', 57),
(312, 'Raigarh', 57),
(313, 'Raipur', 57),
(314, 'Rajnandgaon', 57),
(315, 'Sakti', 57),
(316, 'Tilda Newra', 57),
(317, 'Bastar', 58),
(318, 'Bilaspur', 58),
(319, 'Dantewada', 58),
(320, 'Dhamtari', 58),
(321, 'Durg', 58),
(322, 'Janjgir-Champa', 58),
(323, 'Jashpur', 58),
(324, 'Kanker', 58),
(325, 'Kawardha', 58),
(326, 'Korba', 58),
(327, 'Koriya', 58),
(328, 'Mahasamund', 58),
(329, 'Raigarh', 58),
(330, 'Raipur', 58),
(331, 'Rajnandgaon', 58),
(332, 'Surguja', 58),
(333, 'Amli', 59),
(334, 'Silvassa', 59),
(335, 'Daman and Diu', 60),
(336, 'Daman and Diu', 60),
(337, 'Asola', 61),
(338, 'Delhi', 61),
(339, 'Aldona', 62),
(340, 'Curchorem Cacora', 62),
(341, 'Madgaon', 62),
(342, 'Mapusa', 62),
(343, 'Margao', 62),
(344, 'Marmagao', 62),
(345, 'Panaji', 62),
(346, 'Ahmedabad', 63),
(347, 'Amreli', 63),
(348, 'Anand', 63),
(349, 'Ankleshwar', 63),
(350, 'Bharuch', 63),
(351, 'Bhavnagar', 63),
(352, 'Bhuj', 63),
(353, 'Cambay', 63),
(354, 'Dahod', 63),
(355, 'Deesa', 63),
(356, 'Dharampur, India', 63),
(357, 'Dholka', 63),
(358, 'Gandhinagar', 63),
(359, 'Godhra', 63),
(360, 'Himatnagar', 63),
(361, 'Idar', 63),
(362, 'Jamnagar', 63),
(363, 'Junagadh', 63),
(364, 'Kadi', 63),
(365, 'Kalavad', 63),
(366, 'Kalol', 63),
(367, 'Kapadvanj', 63),
(368, 'Karjan', 63),
(369, 'Keshod', 63),
(370, 'Khambhalia', 63),
(371, 'Khambhat', 63),
(372, 'Kheda', 63),
(373, 'Khedbrahma', 63),
(374, 'Kheralu', 63),
(375, 'Kodinar', 63),
(376, 'Lathi', 63),
(377, 'Limbdi', 63),
(378, 'Lunawada', 63),
(379, 'Mahesana', 63),
(380, 'Mahuva', 63),
(381, 'Manavadar', 63),
(382, 'Mandvi', 63),
(383, 'Mangrol', 63),
(384, 'Mansa', 63),
(385, 'Mehmedabad', 63),
(386, 'Modasa', 63),
(387, 'Morvi', 63),
(388, 'Nadiad', 63),
(389, 'Navsari', 63),
(390, 'Padra', 63),
(391, 'Palanpur', 63),
(392, 'Palitana', 63),
(393, 'Pardi', 63),
(394, 'Patan', 63),
(395, 'Petlad', 63),
(396, 'Porbandar', 63),
(397, 'Radhanpur', 63),
(398, 'Rajkot', 63),
(399, 'Rajpipla', 63),
(400, 'Rajula', 63),
(401, 'Ranavav', 63),
(402, 'Rapar', 63),
(403, 'Salaya', 63),
(404, 'Sanand', 63),
(405, 'Savarkundla', 63),
(406, 'Sidhpur', 63),
(407, 'Sihor', 63),
(408, 'Songadh', 63),
(409, 'Surat', 63),
(410, 'Talaja', 63),
(411, 'Thangadh', 63),
(412, 'Tharad', 63),
(413, 'Umbergaon', 63),
(414, 'Umreth', 63),
(415, 'Una', 63),
(416, 'Unjha', 63),
(417, 'Upleta', 63),
(418, 'Vadnagar', 63),
(419, 'Vadodara', 63),
(420, 'Valsad', 63),
(421, 'Vapi', 63),
(422, 'Vapi', 63),
(423, 'Veraval', 63),
(424, 'Vijapur', 63),
(425, 'Viramgam', 63),
(426, 'Visnagar', 63),
(427, 'Vyara', 63),
(428, 'Wadhwan', 63),
(429, 'Wankaner', 63),
(430, 'Adalaj', 63),
(431, 'Adityana', 63),
(432, 'Alang', 63),
(433, 'Ambaji', 63),
(434, 'Ambaliyasan', 63),
(435, 'Andada', 63),
(436, 'Anjar', 63),
(437, 'Anklav', 63),
(438, 'Antaliya', 63),
(439, 'Arambhada', 63),
(440, 'Atul', 63),
(441, 'Ballabhgarh', 64),
(442, 'Ambala', 64),
(443, 'Ambala', 64),
(444, 'Asankhurd', 64),
(445, 'Assandh', 64),
(446, 'Ateli', 64),
(447, 'Babiyal', 64),
(448, 'Bahadurgarh', 64),
(449, 'Barwala', 64),
(450, 'Bhiwani', 64),
(451, 'Charkhi Dadri', 64),
(452, 'Cheeka', 64),
(453, 'Ellenabad 2', 64),
(454, 'Faridabad', 64),
(455, 'Fatehabad', 64),
(456, 'Ganaur', 64),
(457, 'Gharaunda', 64),
(458, 'Gohana', 64),
(459, 'Gurgaon', 64),
(460, 'Haibat(Yamuna Nagar)', 64),
(461, 'Hansi', 64),
(462, 'Hisar', 64),
(463, 'Hodal', 64),
(464, 'Jhajjar', 64),
(465, 'Jind', 64),
(466, 'Kaithal', 64),
(467, 'Kalan Wali', 64),
(468, 'Kalka', 64),
(469, 'Karnal', 64),
(470, 'Ladwa', 64),
(471, 'Mahendragarh', 64),
(472, 'Mandi Dabwali', 64),
(473, 'Narnaul', 64),
(474, 'Narwana', 64),
(475, 'Palwal', 64),
(476, 'Panchkula', 64),
(477, 'Panipat', 64),
(478, 'Pehowa', 64),
(479, 'Pinjore', 64),
(480, 'Rania', 64),
(481, 'Ratia', 64),
(482, 'Rewari', 64),
(483, 'Rohtak', 64),
(484, 'Safidon', 64),
(485, 'Samalkha', 64),
(486, 'Shahbad', 64),
(487, 'Sirsa', 64),
(488, 'Sohna', 64),
(489, 'Sonipat', 64),
(490, 'Taraori', 64),
(491, 'Thanesar', 64),
(492, 'Tohana', 64),
(493, 'Yamunanagar', 64),
(494, 'Arki', 65),
(495, 'Baddi', 65),
(496, 'Bilaspur', 65),
(497, 'Chamba', 65),
(498, 'Dalhousie', 65),
(499, 'Dharamsala', 65),
(500, 'Hamirpur', 65),
(501, 'Mandi', 65),
(502, 'Nahan', 65),
(503, 'Shimla', 65),
(504, 'Solan', 65),
(505, 'Sundarnagar', 65),
(506, 'Jammu', 66),
(507, 'Achabbal', 66),
(508, 'Akhnoor', 66),
(509, 'Anantnag', 66),
(510, 'Arnia', 66),
(511, 'Awantipora', 66),
(512, 'Bandipore', 66),
(513, 'Baramula', 66),
(514, 'Kathua', 66),
(515, 'Leh', 66),
(516, 'Punch', 66),
(517, 'Rajauri', 66),
(518, 'Sopore', 66),
(519, 'Srinagar', 66),
(520, 'Udhampur', 66),
(521, 'Amlabad', 67),
(522, 'Ara', 67),
(523, 'Barughutu', 67),
(524, 'Bokaro Steel City', 67),
(525, 'Chaibasa', 67),
(526, 'Chakradharpur', 67),
(527, 'Chandrapura', 67),
(528, 'Chatra', 67),
(529, 'Chirkunda', 67),
(530, 'Churi', 67),
(531, 'Daltonganj', 67),
(532, 'Deoghar', 67),
(533, 'Dhanbad', 67),
(534, 'Dumka', 67),
(535, 'Garhwa', 67),
(536, 'Ghatshila', 67),
(537, 'Giridih', 67),
(538, 'Godda', 67),
(539, 'Gomoh', 67),
(540, 'Gumia', 67),
(541, 'Gumla', 67),
(542, 'Hazaribag', 67),
(543, 'Hussainabad', 67),
(544, 'Jamshedpur', 67),
(545, 'Jamtara', 67),
(546, 'Jhumri Tilaiya', 67),
(547, 'Khunti', 67),
(548, 'Lohardaga', 67),
(549, 'Madhupur', 67),
(550, 'Mihijam', 67),
(551, 'Musabani', 67),
(552, 'Pakaur', 67),
(553, 'Patratu', 67),
(554, 'Phusro', 67),
(555, 'Ramngarh', 67),
(556, 'Ranchi', 67),
(557, 'Sahibganj', 67),
(558, 'Saunda', 67),
(559, 'Simdega', 67),
(560, 'Tenu Dam-cum- Kathhara', 67),
(561, 'Arasikere', 68),
(562, 'Bangalore', 68),
(563, 'Belgaum', 68),
(564, 'Bellary', 68),
(565, 'Chamrajnagar', 68),
(566, 'Chikkaballapur', 68),
(567, 'Chintamani', 68),
(568, 'Chitradurga', 68),
(569, 'Gulbarga', 68),
(570, 'Gundlupet', 68),
(571, 'Hassan', 68),
(572, 'Hospet', 68),
(573, 'Hubli', 68),
(574, 'Karkala', 68),
(575, 'Karwar', 68),
(576, 'Kolar', 68),
(577, 'Kota', 68),
(578, 'Lakshmeshwar', 68),
(579, 'Lingsugur', 68),
(580, 'Maddur', 68),
(581, 'Madhugiri', 68),
(582, 'Madikeri', 68),
(583, 'Magadi', 68),
(584, 'Mahalingpur', 68),
(585, 'Malavalli', 68),
(586, 'Malur', 68),
(587, 'Mandya', 68),
(588, 'Mangalore', 68),
(589, 'Manvi', 68),
(590, 'Mudalgi', 68),
(591, 'Mudbidri', 68),
(592, 'Muddebihal', 68),
(593, 'Mudhol', 68),
(594, 'Mulbagal', 68),
(595, 'Mundargi', 68),
(596, 'Mysore', 68),
(597, 'Nanjangud', 68),
(598, 'Pavagada', 68),
(599, 'Puttur', 68),
(600, 'Rabkavi Banhatti', 68),
(601, 'Raichur', 68),
(602, 'Ramanagaram', 68),
(603, 'Ramdurg', 68),
(604, 'Ranibennur', 68),
(605, 'Robertson Pet', 68),
(606, 'Ron', 68),
(607, 'Sadalgi', 68),
(608, 'Sagar', 68),
(609, 'Sakleshpur', 68),
(610, 'Sandur', 68),
(611, 'Sankeshwar', 68),
(612, 'Saundatti-Yellamma', 68),
(613, 'Savanur', 68),
(614, 'Sedam', 68),
(615, 'Shahabad', 68),
(616, 'Shahpur', 68),
(617, 'Shiggaon', 68),
(618, 'Shikapur', 68),
(619, 'Shimoga', 68),
(620, 'Shorapur', 68),
(621, 'Shrirangapattana', 68),
(622, 'Sidlaghatta', 68),
(623, 'Sindgi', 68),
(624, 'Sindhnur', 68),
(625, 'Sira', 68),
(626, 'Sirsi', 68),
(627, 'Siruguppa', 68),
(628, 'Srinivaspur', 68),
(629, 'Talikota', 68),
(630, 'Tarikere', 68),
(631, 'Tekkalakota', 68),
(632, 'Terdal', 68),
(633, 'Tiptur', 68),
(634, 'Tumkur', 68),
(635, 'Udupi', 68),
(636, 'Vijayapura', 68),
(637, 'Wadi', 68),
(638, 'Yadgir', 68),
(639, 'Chikmagalur', 68),
(640, 'Davanagere', 68),
(641, 'Dharwad', 68),
(642, 'Gadag', 68),
(643, 'Adoor', 69),
(644, 'Akathiyoor', 69),
(645, 'Alappuzha', 69),
(646, 'Ancharakandy', 69),
(647, 'Aroor', 69),
(648, 'Ashtamichira', 69),
(649, 'Attingal', 69),
(650, 'Avinissery', 69),
(651, 'Chalakudy', 69),
(652, 'Changanassery', 69),
(653, 'Chendamangalam', 69),
(654, 'Chengannur', 69),
(655, 'Cherthala', 69),
(656, 'Cheruthazham', 69),
(657, 'Chittur-Thathamangalam', 69),
(658, 'Chockli', 69),
(659, 'Erattupetta', 69),
(660, 'Guruvayoor', 69),
(661, 'Irinjalakuda', 69),
(662, 'Kadirur', 69),
(663, 'Kalliasseri', 69),
(664, 'Kalpetta', 69),
(665, 'Kanhangad', 69),
(666, 'Kanjikkuzhi', 69),
(667, 'Kannur', 69),
(668, 'Kasaragod', 69),
(669, 'Kayamkulam', 69),
(670, 'Kochi', 69),
(671, 'Kodungallur', 69),
(672, 'Kollam', 69),
(673, 'Koothuparamba', 69),
(674, 'Kothamangalam', 69),
(675, 'Kottayam', 69),
(676, 'Kozhikode', 69),
(677, 'Kunnamkulam', 69),
(678, 'Malappuram', 69),
(679, 'Mattannur', 69),
(680, 'Mavelikkara', 69),
(681, 'Mavoor', 69),
(682, 'Muvattupuzha', 69),
(683, 'Nedumangad', 69),
(684, 'Neyyattinkara', 69),
(685, 'Ottappalam', 69),
(686, 'Palai', 69),
(687, 'Palakkad', 69),
(688, 'Panniyannur', 69),
(689, 'Pappinisseri', 69),
(690, 'Paravoor', 69),
(691, 'Pathanamthitta', 69),
(692, 'Payyannur', 69),
(693, 'Peringathur', 69),
(694, 'Perinthalmanna', 69),
(695, 'Perumbavoor', 69),
(696, 'Ponnani', 69),
(697, 'Punalur', 69),
(698, 'Quilandy', 69),
(699, 'Shoranur', 69),
(700, 'Taliparamba', 69),
(701, 'Thiruvalla', 69),
(702, 'Thiruvananthapuram', 69),
(703, 'Thodupuzha', 69),
(704, 'Thrissur', 69),
(705, 'Tirur', 69),
(706, 'Vadakara', 69),
(707, 'Vaikom', 69),
(708, 'Varkala', 69),
(709, 'Kavaratti', 70),
(710, 'Ashok Nagar', 71),
(711, 'Balaghat', 71),
(712, 'Betul', 71),
(713, 'Bhopal', 71),
(714, 'Burhanpur', 71),
(715, 'Chhatarpur', 71),
(716, 'Dabra', 71),
(717, 'Datia', 71),
(718, 'Dewas', 71),
(719, 'Dhar', 71),
(720, 'Fatehabad', 71),
(721, 'Gwalior', 71),
(722, 'Indore', 71),
(723, 'Itarsi', 71),
(724, 'Jabalpur', 71),
(725, 'Katni', 71),
(726, 'Kotma', 71),
(727, 'Lahar', 71),
(728, 'Lundi', 71),
(729, 'Maharajpur', 71),
(730, 'Mahidpur', 71),
(731, 'Maihar', 71),
(732, 'Malajkhand', 71),
(733, 'Manasa', 71),
(734, 'Manawar', 71),
(735, 'Mandideep', 71),
(736, 'Mandla', 71),
(737, 'Mandsaur', 71),
(738, 'Mauganj', 71),
(739, 'Mhow Cantonment', 71),
(740, 'Mhowgaon', 71),
(741, 'Morena', 71),
(742, 'Multai', 71),
(743, 'Murwara', 71),
(744, 'Nagda', 71),
(745, 'Nainpur', 71),
(746, 'Narsinghgarh', 71),
(747, 'Narsinghgarh', 71),
(748, 'Neemuch', 71),
(749, 'Nepanagar', 71),
(750, 'Niwari', 71),
(751, 'Nowgong', 71),
(752, 'Nowrozabad', 71),
(753, 'Pachore', 71),
(754, 'Pali', 71),
(755, 'Panagar', 71),
(756, 'Pandhurna', 71),
(757, 'Panna', 71),
(758, 'Pasan', 71),
(759, 'Pipariya', 71),
(760, 'Pithampur', 71),
(761, 'Porsa', 71),
(762, 'Prithvipur', 71),
(763, 'Raghogarh-Vijaypur', 71),
(764, 'Rahatgarh', 71),
(765, 'Raisen', 71),
(766, 'Rajgarh', 71),
(767, 'Ratlam', 71),
(768, 'Rau', 71),
(769, 'Rehli', 71),
(770, 'Rewa', 71),
(771, 'Sabalgarh', 71),
(772, 'Sagar', 71),
(773, 'Sanawad', 71),
(774, 'Sarangpur', 71),
(775, 'Sarni', 71),
(776, 'Satna', 71),
(777, 'Sausar', 71),
(778, 'Sehore', 71),
(779, 'Sendhwa', 71),
(780, 'Seoni', 71),
(781, 'Seoni-Malwa', 71),
(782, 'Shahdol', 71),
(783, 'Shajapur', 71),
(784, 'Shamgarh', 71),
(785, 'Sheopur', 71),
(786, 'Shivpuri', 71),
(787, 'Shujalpur', 71),
(788, 'Sidhi', 71),
(789, 'Sihora', 71),
(790, 'Singrauli', 71),
(791, 'Sironj', 71),
(792, 'Sohagpur', 71),
(793, 'Tarana', 71),
(794, 'Tikamgarh', 71),
(795, 'Ujhani', 71),
(796, 'Ujjain', 71),
(797, 'Umaria', 71),
(798, 'Vidisha', 71),
(799, 'Wara Seoni', 71),
(800, 'Kolhapur', 72),
(801, 'Ahmednagar', 72),
(802, 'Akola', 72),
(803, 'Amravati', 72),
(804, 'Aurangabad', 72),
(805, 'Baramati', 72),
(806, 'Chalisgaon', 72),
(807, 'Chinchani', 72),
(808, 'Devgarh', 72),
(809, 'Dhule', 72),
(810, 'Dombivli', 72),
(811, 'Durgapur', 72),
(812, 'Ichalkaranji', 72),
(813, 'Jalna', 72),
(814, 'Kalyan', 72),
(815, 'Latur', 72),
(816, 'Loha', 72),
(817, 'Lonar', 72),
(818, 'Lonavla', 72),
(819, 'Mahad', 72),
(820, 'Mahuli', 72),
(821, 'Malegaon', 72),
(822, 'Malkapur', 72),
(823, 'Manchar', 72),
(824, 'Mangalvedhe', 72),
(825, 'Mangrulpir', 72),
(826, 'Manjlegaon', 72),
(827, 'Manmad', 72),
(828, 'Manwath', 72),
(829, 'Mehkar', 72),
(830, 'Mhaswad', 72),
(831, 'Miraj', 72),
(832, 'Morshi', 72),
(833, 'Mukhed', 72),
(834, 'Mul', 72),
(835, 'Mumbai', 72),
(836, 'Murtijapur', 72),
(837, 'Nagpur', 72),
(838, 'Nalasopara', 72),
(839, 'Nanded-Waghala', 72),
(840, 'Nandgaon', 72),
(841, 'Nandura', 72),
(842, 'Nandurbar', 72),
(843, 'Narkhed', 72),
(844, 'Nashik', 72),
(845, 'Navi Mumbai', 72),
(846, 'Nawapur', 72),
(847, 'Nilanga', 72),
(848, 'Osmanabad', 72),
(849, 'Ozar', 72),
(850, 'Pachora', 72),
(851, 'Paithan', 72),
(852, 'Palghar', 72),
(853, 'Pandharkaoda', 72),
(854, 'Pandharpur', 72),
(855, 'Panvel', 72),
(856, 'Parbhani', 72),
(857, 'Parli', 72),
(858, 'Parola', 72),
(859, 'Partur', 72),
(860, 'Pathardi', 72),
(861, 'Pathri', 72),
(862, 'Patur', 72),
(863, 'Pauni', 72),
(864, 'Pen', 72),
(865, 'Phaltan', 72),
(866, 'Pulgaon', 72),
(867, 'Pune', 72),
(868, 'Purna', 72),
(869, 'Pusad', 72),
(870, 'Rahuri', 72),
(871, 'Rajura', 72),
(872, 'Ramtek', 72),
(873, 'Ratnagiri', 72),
(874, 'Raver', 72),
(875, 'Risod', 72),
(876, 'Sailu', 72),
(877, 'Sangamner', 72),
(878, 'Sangli', 72),
(879, 'Sangole', 72),
(880, 'Sasvad', 72),
(881, 'Satana', 72),
(882, 'Satara', 72),
(883, 'Savner', 72),
(884, 'Sawantwadi', 72),
(885, 'Shahade', 72),
(886, 'Shegaon', 72),
(887, 'Shendurjana', 72),
(888, 'Shirdi', 72),
(889, 'Shirpur-Warwade', 72),
(890, 'Shirur', 72),
(891, 'Shrigonda', 72),
(892, 'Shrirampur', 72),
(893, 'Sillod', 72),
(894, 'Sinnar', 72),
(895, 'Solapur', 72),
(896, 'Soyagaon', 72),
(897, 'Talegaon Dabhade', 72),
(898, 'Talode', 72),
(899, 'Tasgaon', 72),
(900, 'Tirora', 72),
(901, 'Tuljapur', 72),
(902, 'Tumsar', 72),
(903, 'Uran', 72),
(904, 'Uran Islampur', 72),
(905, 'Wadgaon Road', 72),
(906, 'Wai', 72),
(907, 'Wani', 72),
(908, 'Wardha', 72),
(909, 'Warora', 72),
(910, 'Warud', 72),
(911, 'Washim', 72),
(912, 'Yevla', 72),
(913, 'Uchgaon', 72),
(914, 'Udgir', 72),
(915, 'Umarga', 72),
(916, 'Umarkhed', 72),
(917, 'Umred', 72),
(918, 'Vadgaon Kasba', 72),
(919, 'Vaijapur', 72),
(920, 'Vasai', 72),
(921, 'Virar', 72),
(922, 'Vita', 72),
(923, 'Yavatmal', 72),
(924, 'Yawal', 72),
(925, 'Imphal', 73),
(926, 'Kakching', 73),
(927, 'Lilong', 73),
(928, 'Mayang Imphal', 73),
(929, 'Thoubal', 73),
(930, 'Jowai', 74),
(931, 'Nongstoin', 74),
(932, 'Shillong', 74),
(933, 'Tura', 74),
(934, 'Aizawl', 75),
(935, 'Champhai', 75),
(936, 'Lunglei', 75),
(937, 'Saiha', 75),
(938, 'Dimapur', 76),
(939, 'Kohima', 76),
(940, 'Mokokchung', 76),
(941, 'Tuensang', 76),
(942, 'Wokha', 76),
(943, 'Zunheboto', 76),
(944, 'Anandapur', 77),
(945, 'Anugul', 77),
(946, 'Asika', 77),
(947, 'Balangir', 77),
(948, 'Balasore', 77),
(949, 'Baleshwar', 77),
(950, 'Bamra', 77),
(951, 'Barbil', 77),
(952, 'Bargarh', 77),
(953, 'Bargarh', 77),
(954, 'Baripada', 77),
(955, 'Basudebpur', 77),
(956, 'Belpahar', 77),
(957, 'Bhadrak', 77),
(958, 'Bhawanipatna', 77),
(959, 'Bhuban', 77),
(960, 'Bhubaneswar', 77),
(961, 'Biramitrapur', 77),
(962, 'Brahmapur', 77),
(963, 'Brajrajnagar', 77),
(964, 'Byasanagar', 77),
(965, 'Cuttack', 77),
(966, 'Debagarh', 77),
(967, 'Dhenkanal', 77),
(968, 'Gunupur', 77),
(969, 'Hinjilicut', 77),
(970, 'Jagatsinghapur', 77),
(971, 'Jajapur', 77),
(972, 'Jaleswar', 77),
(973, 'Jatani', 77),
(974, 'Jeypur', 77),
(975, 'Jharsuguda', 77),
(976, 'Joda', 77),
(977, 'Kantabanji', 77),
(978, 'Karanjia', 77),
(979, 'Kendrapara', 77),
(980, 'Kendujhar', 77),
(981, 'Khordha', 77),
(982, 'Koraput', 77),
(983, 'Malkangiri', 77),
(984, 'Nabarangapur', 77),
(985, 'Paradip', 77),
(986, 'Parlakhemundi', 77),
(987, 'Pattamundai', 77),
(988, 'Phulabani', 77),
(989, 'Puri', 77),
(990, 'Rairangpur', 77),
(991, 'Rajagangapur', 77),
(992, 'Raurkela', 77),
(993, 'Rayagada', 77),
(994, 'Sambalpur', 77),
(995, 'Soro', 77),
(996, 'Sunabeda', 77),
(997, 'Sundargarh', 77),
(998, 'Talcher', 77),
(999, 'Titlagarh', 77),
(1000, 'Umarkote', 77),
(1001, 'Karaikal', 78),
(1002, 'Mahe', 78),
(1003, 'Pondicherry', 78),
(1004, 'Yanam', 78),
(1005, 'Ahmedgarh', 79),
(1006, 'Amritsar', 79),
(1007, 'Barnala', 79),
(1008, 'Batala', 79),
(1009, 'Bathinda', 79),
(1010, 'Bhagha Purana', 79),
(1011, 'Budhlada', 79),
(1012, 'Chandigarh', 79),
(1013, 'Dasua', 79),
(1014, 'Dhuri', 79),
(1015, 'Dinanagar', 79),
(1016, 'Faridkot', 79),
(1017, 'Fazilka', 79),
(1018, 'Firozpur', 79),
(1019, 'Firozpur Cantt.', 79),
(1020, 'Giddarbaha', 79),
(1021, 'Gobindgarh', 79),
(1022, 'Gurdaspur', 79),
(1023, 'Hoshiarpur', 79),
(1024, 'Jagraon', 79),
(1025, 'Jaitu', 79),
(1026, 'Jalalabad', 79),
(1027, 'Jalandhar', 79),
(1028, 'Jalandhar Cantt.', 79),
(1029, 'Jandiala', 79),
(1030, 'Kapurthala', 79),
(1031, 'Karoran', 79),
(1032, 'Kartarpur', 79),
(1033, 'Khanna', 79),
(1034, 'Kharar', 79),
(1035, 'Kot Kapura', 79),
(1036, 'Kurali', 79),
(1037, 'Longowal', 79),
(1038, 'Ludhiana', 79),
(1039, 'Malerkotla', 79),
(1040, 'Malout', 79),
(1041, 'Mansa', 79),
(1042, 'Maur', 79),
(1043, 'Moga', 79),
(1044, 'Mohali', 79),
(1045, 'Morinda', 79),
(1046, 'Mukerian', 79),
(1047, 'Muktsar', 79),
(1048, 'Nabha', 79),
(1049, 'Nakodar', 79),
(1050, 'Nangal', 79),
(1051, 'Nawanshahr', 79),
(1052, 'Pathankot', 79),
(1053, 'Patiala', 79),
(1054, 'Patran', 79),
(1055, 'Patti', 79),
(1056, 'Phagwara', 79),
(1057, 'Phillaur', 79),
(1058, 'Qadian', 79),
(1059, 'Raikot', 79),
(1060, 'Rajpura', 79),
(1061, 'Rampura Phul', 79),
(1062, 'Rupnagar', 79),
(1063, 'Samana', 79),
(1064, 'Sangrur', 79),
(1065, 'Sirhind Fatehgarh Sahib', 79),
(1066, 'Sujanpur', 79),
(1067, 'Sunam', 79),
(1068, 'Talwara', 79),
(1069, 'Tarn Taran', 79),
(1070, 'Urmar Tanda', 79),
(1071, 'Zira', 79),
(1072, 'Zirakpur', 79),
(1073, 'Bali', 80),
(1074, 'Banswara', 80),
(1075, 'Ajmer', 80),
(1076, 'Alwar', 80),
(1077, 'Bandikui', 80),
(1078, 'Baran', 80),
(1079, 'Barmer', 80),
(1080, 'Bikaner', 80),
(1081, 'Fatehpur', 80),
(1082, 'Jaipur', 80),
(1083, 'Jaisalmer', 80),
(1084, 'Jodhpur', 80),
(1085, 'Kota', 80),
(1086, 'Lachhmangarh', 80),
(1087, 'Ladnu', 80),
(1088, 'Lakheri', 80),
(1089, 'Lalsot', 80),
(1090, 'Losal', 80),
(1091, 'Makrana', 80),
(1092, 'Malpura', 80),
(1093, 'Mandalgarh', 80),
(1094, 'Mandawa', 80),
(1095, 'Mangrol', 80),
(1096, 'Merta City', 80),
(1097, 'Mount Abu', 80),
(1098, 'Nadbai', 80),
(1099, 'Nagar', 80),
(1100, 'Nagaur', 80),
(1101, 'Nargund', 80),
(1102, 'Nasirabad', 80),
(1103, 'Nathdwara', 80),
(1104, 'Navalgund', 80),
(1105, 'Nawalgarh', 80),
(1106, 'Neem-Ka-Thana', 80),
(1107, 'Nelamangala', 80),
(1108, 'Nimbahera', 80),
(1109, 'Nipani', 80),
(1110, 'Niwai', 80),
(1111, 'Nohar', 80),
(1112, 'Nokha', 80),
(1113, 'Pali', 80),
(1114, 'Phalodi', 80),
(1115, 'Phulera', 80),
(1116, 'Pilani', 80),
(1117, 'Pilibanga', 80),
(1118, 'Pindwara', 80),
(1119, 'Pipar City', 80),
(1120, 'Prantij', 80),
(1121, 'Pratapgarh', 80),
(1122, 'Raisinghnagar', 80),
(1123, 'Rajakhera', 80),
(1124, 'Rajaldesar', 80),
(1125, 'Rajgarh (Alwar)', 80),
(1126, 'Rajgarh (Churu', 80),
(1127, 'Rajsamand', 80),
(1128, 'Ramganj Mandi', 80),
(1129, 'Ramngarh', 80),
(1130, 'Ratangarh', 80),
(1131, 'Rawatbhata', 80),
(1132, 'Rawatsar', 80),
(1133, 'Reengus', 80),
(1134, 'Sadri', 80),
(1135, 'Sadulshahar', 80),
(1136, 'Sagwara', 80),
(1137, 'Sambhar', 80),
(1138, 'Sanchore', 80),
(1139, 'Sangaria', 80),
(1140, 'Sardarshahar', 80),
(1141, 'Sawai Madhopur', 80),
(1142, 'Shahpura', 80),
(1143, 'Shahpura', 80),
(1144, 'Sheoganj', 80),
(1145, 'Sikar', 80),
(1146, 'Sirohi', 80),
(1147, 'Sojat', 80),
(1148, 'Sri Madhopur', 80),
(1149, 'Sujangarh', 80),
(1150, 'Sumerpur', 80),
(1151, 'Suratgarh', 80),
(1152, 'Taranagar', 80),
(1153, 'Todabhim', 80),
(1154, 'Todaraisingh', 80),
(1155, 'Tonk', 80),
(1156, 'Udaipur', 80),
(1157, 'Udaipurwati', 80),
(1158, 'Vijainagar', 80),
(1159, 'Gangtok', 81),
(1160, 'Arakkonam', 82),
(1161, 'Arcot', 82),
(1162, 'Aruppukkottai', 82),
(1163, 'Bhavani', 82),
(1164, 'Chengalpattu', 82),
(1165, 'Chennai', 82),
(1166, 'Chinna salem', 82),
(1167, 'Coimbatore', 82),
(1168, 'Coonoor', 82),
(1169, 'Cuddalore', 82),
(1170, 'Dharmapuri', 82),
(1171, 'Dindigul', 82),
(1172, 'Erode', 82),
(1173, 'Gudalur', 82),
(1174, 'Gudalur', 82),
(1175, 'Gudalur', 82),
(1176, 'Kanchipuram', 82),
(1177, 'Karaikudi', 82),
(1178, 'Karungal', 82),
(1179, 'Karur', 82),
(1180, 'Kollankodu', 82),
(1181, 'Lalgudi', 82),
(1182, 'Madurai', 82),
(1183, 'Nagapattinam', 82),
(1184, 'Nagercoil', 82),
(1185, 'Namagiripettai', 82),
(1186, 'Namakkal', 82),
(1187, 'Nandivaram-Guduvancheri', 82),
(1188, 'Nanjikottai', 82),
(1189, 'Natham', 82),
(1190, 'Nellikuppam', 82),
(1191, 'Neyveli', 82),
(1192, 'O'' Valley', 82),
(1193, 'Oddanchatram', 82),
(1194, 'P.N.Patti', 82),
(1195, 'Pacode', 82),
(1196, 'Padmanabhapuram', 82),
(1197, 'Palani', 82),
(1198, 'Palladam', 82),
(1199, 'Pallapatti', 82),
(1200, 'Pallikonda', 82),
(1201, 'Panagudi', 82),
(1202, 'Panruti', 82),
(1203, 'Paramakudi', 82),
(1204, 'Parangipettai', 82),
(1205, 'Pattukkottai', 82),
(1206, 'Perambalur', 82),
(1207, 'Peravurani', 82),
(1208, 'Periyakulam', 82),
(1209, 'Periyasemur', 82),
(1210, 'Pernampattu', 82),
(1211, 'Pollachi', 82),
(1212, 'Polur', 82),
(1213, 'Ponneri', 82),
(1214, 'Pudukkottai', 82),
(1215, 'Pudupattinam', 82),
(1216, 'Puliyankudi', 82),
(1217, 'Punjaipugalur', 82),
(1218, 'Rajapalayam', 82),
(1219, 'Ramanathapuram', 82),
(1220, 'Rameshwaram', 82),
(1221, 'Rasipuram', 82),
(1222, 'Salem', 82),
(1223, 'Sankarankoil', 82),
(1224, 'Sankari', 82),
(1225, 'Sathyamangalam', 82),
(1226, 'Sattur', 82),
(1227, 'Shenkottai', 82),
(1228, 'Sholavandan', 82),
(1229, 'Sholingur', 82),
(1230, 'Sirkali', 82),
(1231, 'Sivaganga', 82),
(1232, 'Sivagiri', 82),
(1233, 'Sivakasi', 82),
(1234, 'Srivilliputhur', 82),
(1235, 'Surandai', 82),
(1236, 'Suriyampalayam', 82),
(1237, 'Tenkasi', 82),
(1238, 'Thammampatti', 82),
(1239, 'Thanjavur', 82),
(1240, 'Tharamangalam', 82),
(1241, 'Tharangambadi', 82),
(1242, 'Theni Allinagaram', 82),
(1243, 'Thirumangalam', 82),
(1244, 'Thirunindravur', 82),
(1245, 'Thiruparappu', 82),
(1246, 'Thirupuvanam', 82),
(1247, 'Thiruthuraipoondi', 82),
(1248, 'Thiruvallur', 82),
(1249, 'Thiruvarur', 82),
(1250, 'Thoothukudi', 82),
(1251, 'Thuraiyur', 82),
(1252, 'Tindivanam', 82),
(1253, 'Tiruchendur', 82),
(1254, 'Tiruchengode', 82),
(1255, 'Tiruchirappalli', 82),
(1256, 'Tirukalukundram', 82),
(1257, 'Tirukkoyilur', 82),
(1258, 'Tirunelveli', 82),
(1259, 'Tirupathur', 82),
(1260, 'Tirupathur', 82),
(1261, 'Tiruppur', 82),
(1262, 'Tiruttani', 82),
(1263, 'Tiruvannamalai', 82),
(1264, 'Tiruvethipuram', 82),
(1265, 'Tittakudi', 82),
(1266, 'Udhagamandalam', 82),
(1267, 'Udumalaipettai', 82),
(1268, 'Unnamalaikadai', 82),
(1269, 'Usilampatti', 82),
(1270, 'Uthamapalayam', 82),
(1271, 'Uthiramerur', 82),
(1272, 'Vadakkuvalliyur', 82),
(1273, 'Vadalur', 82),
(1274, 'Vadipatti', 82),
(1275, 'Valparai', 82),
(1276, 'Vandavasi', 82),
(1277, 'Vaniyambadi', 82),
(1278, 'Vedaranyam', 82),
(1279, 'Vellakoil', 82),
(1280, 'Vellore', 82),
(1281, 'Vikramasingapuram', 82),
(1282, 'Viluppuram', 82),
(1283, 'Virudhachalam', 82),
(1284, 'Virudhunagar', 82),
(1285, 'Viswanatham', 82),
(1286, 'Chennai', 82),
(1287, 'Coimbatore', 82),
(1288, 'Agartala', 83),
(1289, 'Badharghat', 83),
(1290, 'Dharmanagar', 83),
(1291, 'Indranagar', 83),
(1292, 'Jogendranagar', 83),
(1293, 'Kailasahar', 83),
(1294, 'Khowai', 83),
(1295, 'Pratapgarh', 83),
(1296, 'Udaipur', 83),
(1297, 'Achhnera', 84),
(1298, 'Adari', 84),
(1299, 'Agra', 84),
(1300, 'Aligarh', 84),
(1301, 'Allahabad', 84),
(1302, 'Amroha', 84),
(1303, 'Azamgarh', 84),
(1304, 'Bahraich', 84),
(1305, 'Ballia', 84),
(1306, 'Balrampur', 84),
(1307, 'Banda', 84),
(1308, 'Bareilly', 84),
(1309, 'Chandausi', 84),
(1310, 'Dadri', 84),
(1311, 'Deoria', 84),
(1312, 'Etawah', 84),
(1313, 'Fatehabad', 84),
(1314, 'Fatehpur', 84),
(1315, 'Fatehpur', 84),
(1316, 'Greater Noida', 84),
(1317, 'Hamirpur', 84),
(1318, 'Hardoi', 84),
(1319, 'Jajmau', 84),
(1320, 'Jaunpur', 84),
(1321, 'Jhansi', 84),
(1322, 'Kalpi', 84),
(1323, 'Kanpur', 84),
(1324, 'Kota', 84),
(1325, 'Laharpur', 84),
(1326, 'Lakhimpur', 84),
(1327, 'Lal Gopalganj Nindaura', 84),
(1328, 'Lalganj', 84),
(1329, 'Lalitpur', 84),
(1330, 'Lar', 84),
(1331, 'Loni', 84),
(1332, 'Lucknow', 84),
(1333, 'Mathura', 84),
(1334, 'Meerut', 84),
(1335, 'Modinagar', 84),
(1336, 'Muradnagar', 84),
(1337, 'Nagina', 84),
(1338, 'Najibabad', 84),
(1339, 'Nakur', 84),
(1340, 'Nanpara', 84),
(1341, 'Naraura', 84),
(1342, 'Naugawan Sadat', 84),
(1343, 'Nautanwa', 84),
(1344, 'Nawabganj', 84),
(1345, 'Nehtaur', 84),
(1346, 'NOIDA', 84),
(1347, 'Noorpur', 84),
(1348, 'Obra', 84),
(1349, 'Orai', 84),
(1350, 'Padrauna', 84),
(1351, 'Palia Kalan', 84),
(1352, 'Parasi', 84),
(1353, 'Phulpur', 84),
(1354, 'Pihani', 84),
(1355, 'Pilibhit', 84),
(1356, 'Pilkhuwa', 84),
(1357, 'Powayan', 84),
(1358, 'Pukhrayan', 84),
(1359, 'Puranpur', 84),
(1360, 'Purquazi', 84),
(1361, 'Purwa', 84),
(1362, 'Rae Bareli', 84),
(1363, 'Rampur', 84),
(1364, 'Rampur Maniharan', 84),
(1365, 'Rasra', 84),
(1366, 'Rath', 84),
(1367, 'Renukoot', 84),
(1368, 'Reoti', 84),
(1369, 'Robertsganj', 84),
(1370, 'Rudauli', 84),
(1371, 'Rudrapur', 84),
(1372, 'Sadabad', 84),
(1373, 'Safipur', 84),
(1374, 'Saharanpur', 84),
(1375, 'Sahaspur', 84),
(1376, 'Sahaswan', 84),
(1377, 'Sahawar', 84),
(1378, 'Sahjanwa', 84),
(1379, 'Saidpur, Ghazipur', 84),
(1380, 'Sambhal', 84),
(1381, 'Samdhan', 84),
(1382, 'Samthar', 84),
(1383, 'Sandi', 84),
(1384, 'Sandila', 84),
(1385, 'Sardhana', 84),
(1386, 'Seohara', 84),
(1387, 'Shahabad, Hardoi', 84),
(1388, 'Shahabad, Rampur', 84),
(1389, 'Shahganj', 84),
(1390, 'Shahjahanpur', 84),
(1391, 'Shamli', 84),
(1392, 'Shamsabad, Agra', 84),
(1393, 'Shamsabad, Farrukhabad', 84),
(1394, 'Sherkot', 84),
(1395, 'Shikarpur, Bulandshahr', 84),
(1396, 'Shikohabad', 84),
(1397, 'Shishgarh', 84),
(1398, 'Siana', 84),
(1399, 'Sikanderpur', 84),
(1400, 'Sikandra Rao', 84),
(1401, 'Sikandrabad', 84),
(1402, 'Sirsaganj', 84),
(1403, 'Sirsi', 84),
(1404, 'Sitapur', 84),
(1405, 'Soron', 84),
(1406, 'Suar', 84),
(1407, 'Sultanpur', 84),
(1408, 'Sumerpur', 84),
(1409, 'Tanda', 84),
(1410, 'Tanda', 84),
(1411, 'Tetri Bazar', 84),
(1412, 'Thakurdwara', 84),
(1413, 'Thana Bhawan', 84),
(1414, 'Tilhar', 84),
(1415, 'Tirwaganj', 84),
(1416, 'Tulsipur', 84),
(1417, 'Tundla', 84),
(1418, 'Unnao', 84),
(1419, 'Utraula', 84),
(1420, 'Varanasi', 84),
(1421, 'Vrindavan', 84),
(1422, 'Warhapur', 84),
(1423, 'Zaidpur', 84),
(1424, 'Zamania', 84),
(1425, 'Muzaffarnagar', 84),
(1426, 'Almora', 85),
(1427, 'Bazpur', 85),
(1428, 'Chamba', 85),
(1429, 'Dehradun', 85),
(1430, 'Haldwani', 85),
(1431, 'Haridwar', 85),
(1432, 'Jaspur', 85),
(1433, 'Kashipur', 85),
(1434, 'kichha', 85),
(1435, 'Kotdwara', 85),
(1436, 'Manglaur', 85),
(1437, 'Mussoorie', 85),
(1438, 'Nagla', 85),
(1439, 'Nainital', 85),
(1440, 'Pauri', 85),
(1441, 'Pithoragarh', 85),
(1442, 'Ramnagar', 85),
(1443, 'Rishikesh', 85),
(1444, 'Roorkee', 85),
(1445, 'Rudrapur', 85),
(1446, 'Sitarganj', 85),
(1447, 'Tehri', 85),
(1448, 'Barrackpur', 86),
(1449, 'Calcutta', 86),
(1450, 'Adra, Purulia', 86),
(1451, 'Alipurduar', 86),
(1452, 'Arambagh', 86),
(1453, 'Asansol', 86),
(1454, 'Baharampur', 86),
(1455, 'Bally', 86),
(1456, 'Balurghat', 86),
(1457, 'Bankura', 86),
(1458, 'Barakar', 86),
(1459, 'Barasat', 86),
(1460, 'Bardhaman', 86),
(1461, 'Bidhan Nagar', 86),
(1462, 'Chinsura', 86),
(1463, 'Contai', 86),
(1464, 'Cooch Behar', 86),
(1465, 'Darjeeling', 86),
(1466, 'Durgapur', 86),
(1467, 'Haldia', 86),
(1468, 'Howrah', 86),
(1469, 'Islampur', 86),
(1470, 'Jhargram', 86),
(1471, 'Kharagpur', 86),
(1472, 'Kolkata', 86),
(1473, 'Mainaguri', 86),
(1474, 'Mal', 86),
(1475, 'Mathabhanga', 86),
(1476, 'Medinipur', 86),
(1477, 'Memari', 86),
(1478, 'Monoharpur', 86),
(1479, 'Murshidabad', 86),
(1480, 'Nabadwip', 86),
(1481, 'Naihati', 86),
(1482, 'Panchla', 86),
(1483, 'Pandua', 86),
(1484, 'Paschim Punropara', 86),
(1485, 'Purulia', 86),
(1486, 'Raghunathpur', 86),
(1487, 'Raiganj', 86),
(1488, 'Rampurhat', 86),
(1489, 'Ranaghat', 86),
(1490, 'Sainthia', 86),
(1491, 'Santipur', 86),
(1492, 'Siliguri', 86),
(1493, 'Sonamukhi', 86),
(1494, 'Srirampore', 86),
(1495, 'Suri', 86),
(1496, 'Taki', 86),
(1497, 'Tamluk', 86),
(1498, 'Tarakeswar', 86);

-- --------------------------------------------------------

--
-- Table structure for table `conversation`
--

CREATE TABLE IF NOT EXISTS `conversation` (
  `conv_id` bigint(20) unsigned NOT NULL AUTO_INCREMENT,
  `user_from` int(11) unsigned NOT NULL,
  `user_to` int(11) unsigned NOT NULL,
  `date` timestamp NOT NULL DEFAULT CURRENT_TIMESTAMP ON UPDATE CURRENT_TIMESTAMP,
  PRIMARY KEY (`conv_id`),
  KEY `msg_from` (`user_from`),
  KEY `msg_to` (`user_to`)
) ENGINE=InnoDB DEFAULT CHARSET=utf8 AUTO_INCREMENT=1 ;

-- --------------------------------------------------------

--
-- Table structure for table `countries`
--

CREATE TABLE IF NOT EXISTS `countries` (
  `country_id` smallint(3) unsigned NOT NULL AUTO_INCREMENT,
  `country_name` varchar(40) NOT NULL,
  `call_code` smallint(3) unsigned NOT NULL,
  `currency_code` varchar(3) NOT NULL,
  PRIMARY KEY (`country_id`),
  KEY `call_code` (`call_code`)
) ENGINE=InnoDB  DEFAULT CHARSET=utf8 AUTO_INCREMENT=222 ;

--
-- Dumping data for table `countries`
--

INSERT INTO `countries` (`country_id`, `country_name`, `call_code`, `currency_code`) VALUES
(1, 'Afghanistan', 93, 'AFN'),
(2, 'Albania', 355, 'ALL'),
(3, 'Algeria', 213, 'DZD'),
(4, 'American Samoa', 1, 'USD'),
(5, 'Andorra', 376, 'EUR'),
(6, 'Angola', 244, 'AOA'),
(7, 'Anguilla', 1, 'XCD'),
(8, 'Antarctica', 1, 'XCD'),
(9, 'Antigua and Barbuda', 54, 'XCD'),
(10, 'Argentina', 374, 'ARS'),
(11, 'Armenia', 297, 'AMD'),
(12, 'Aruba', 247, 'AWG'),
(13, 'Australia', 61, 'AUD'),
(14, 'Austria', 43, 'EUR'),
(15, 'Azerbaijan', 994, 'AZN'),
(16, 'Bahamas', 1, 'BSD'),
(17, 'Bahrain', 973, 'BHD'),
(18, 'Bangladesh', 880, 'BDT'),
(19, 'Barbados', 1, 'BBD'),
(20, 'Belarus', 375, 'BYR'),
(21, 'Belgium', 32, 'EUR'),
(22, 'Belize', 501, 'BZD'),
(23, 'Benin', 229, 'XOF'),
(24, 'Bermuda', 1, 'BMD'),
(25, 'Bhutan', 975, 'BTN'),
(26, 'Bolivia', 591, 'BOB'),
(27, 'Bosnia-Herzegovina', 387, 'BAM'),
(28, 'Botswana', 267, 'BWP'),
(29, 'Brazil', 55, 'BRL'),
(30, 'British Indian Ocean Territory', 1, 'USD'),
(31, 'Brunei Darussalam', 673, 'BND'),
(32, 'Bulgaria', 359, 'BGN'),
(33, 'Burkina Faso', 226, 'XOF'),
(34, 'Burundi', 257, 'BIF'),
(35, 'Cambodia', 855, 'KHR'),
(36, 'Cameroon', 237, 'XAF'),
(37, 'Canada', 1, 'CAD'),
(38, 'Cape Verde', 238, 'CVE'),
(39, 'Cayman Islands', 1, 'KYD'),
(40, 'Central African Republic', 236, 'XAF'),
(41, 'Chad', 235, 'XAF'),
(42, 'Chile', 56, 'CLP'),
(43, 'China', 86, 'CNY'),
(44, 'Colombia', 57, 'COP'),
(45, 'Comoros', 269, 'KMF'),
(46, 'Congo', 242, 'XAF'),
(47, 'Congo, Dem. Republic', 682, 'CDF'),
(48, 'Cook Islands', 506, 'NZD'),
(49, 'Costa Rica', 225, 'CRC'),
(50, 'Croatia', 385, 'HRK'),
(51, 'Cuba', 53, 'CUP'),
(52, 'Cyprus', 357, 'EUR'),
(53, 'Czech Rep.', 420, 'CZK'),
(54, 'Denmark', 45, 'DKK'),
(55, 'Djibouti', 246, 'DJF'),
(56, 'Dominica', 253, 'XCD'),
(57, 'Dominican Republic', 1, 'DOP'),
(58, 'Ecuador', 1, 'ECS'),
(59, 'Egypt', 593, 'EGP'),
(60, 'El Salvador', 20, 'SVC'),
(61, 'Equatorial Guinea', 503, 'XAF'),
(62, 'Eritrea', 240, 'ERN'),
(63, 'Estonia', 291, 'EUR'),
(64, 'Ethiopia', 372, 'ETB'),
(65, 'European Union', 251, 'EUR'),
(66, 'Falkland Islands (Malvinas)', 500, 'FKP'),
(67, 'Faroe Islands', 298, 'DKK'),
(68, 'Fiji', 679, 'FJD'),
(69, 'Finland', 358, 'EUR'),
(70, 'France', 33, 'EUR'),
(71, 'French Guiana', 594, 'EUR'),
(72, 'French Southern Territories', 689, 'EUR'),
(73, 'Gabon', 241, 'XAF'),
(74, 'Gambia', 220, 'GMD'),
(75, 'Georgia', 995, 'GEL'),
(76, 'Germany', 49, 'EUR'),
(77, 'Ghana', 233, 'GHS'),
(78, 'Gibraltar', 350, 'GIP'),
(79, 'Greece', 30, 'EUR'),
(80, 'Greenland', 299, 'DKK'),
(81, 'Grenada', 1, 'XCD'),
(82, 'Guadeloupe (French)', 590, 'EUR'),
(83, 'Guam (USA)', 1, 'USD'),
(84, 'Guatemala', 502, 'QTQ'),
(85, 'Guernsey', 224, 'GGP'),
(86, 'Guinea', 245, 'GNF'),
(87, 'Guyana', 592, 'GYD'),
(88, 'Haiti', 509, 'HTG'),
(89, 'Honduras', 504, 'HNL'),
(90, 'Hong Kong', 852, 'HKD'),
(91, 'Hungary', 36, 'HUF'),
(92, 'Iceland', 354, 'ISK'),
(93, 'India', 91, 'INR'),
(94, 'Indonesia', 62, 'IDR'),
(95, 'Iran', 98, 'IRR'),
(96, 'Iraq', 964, 'IQD'),
(97, 'Ireland', 353, 'EUR'),
(98, 'Israel', 972, 'ILS'),
(99, 'Italy', 39, 'EUR'),
(100, 'Jamaica', 1, 'JMD'),
(101, 'Japan', 81, 'JPY'),
(102, 'Jordan', 962, 'JOD'),
(103, 'Kazakhstan', 7, 'KZT'),
(104, 'Kenya', 254, 'KES'),
(105, 'Kiribati', 686, 'AUD'),
(106, 'Korea', 82, 'KPW'),
(107, 'Kuwait', 965, 'KWD'),
(108, 'Kyrgyzstan', 996, 'KGS'),
(109, 'Laos', 856, 'LAK'),
(110, 'Latvia', 371, 'LVL'),
(111, 'Lebanon', 961, 'LBP'),
(112, 'Lesotho', 266, 'LSL'),
(113, 'Liberia', 231, 'LRD'),
(114, 'Libya', 218, 'LYD'),
(115, 'Liechtenstein', 423, 'CHF'),
(116, 'Lithuania', 370, 'LTL'),
(117, 'Luxembourg', 352, 'EUR'),
(118, 'Macau', 853, 'MOP'),
(119, 'Madagascar', 261, 'MGF'),
(120, 'Malawi', 265, 'MWK'),
(121, 'Malaysia', 60, 'MYR'),
(122, 'Maldives', 960, 'MVR'),
(123, 'Mali', 223, 'XOF'),
(124, 'Malta', 356, 'EUR'),
(125, 'Marshall Islands', 692, 'USD'),
(126, 'Martinique (French)', 596, 'EUR'),
(127, 'Mauritania', 222, 'MRO'),
(128, 'Mauritius', 230, 'MUR'),
(129, 'Mayotte', 269, 'EUR'),
(130, 'Mexico', 52, 'MXN'),
(131, 'Micronesia', 691, 'USD'),
(132, 'Moldova', 373, 'MDL'),
(133, 'Monaco', 377, 'EUR'),
(134, 'Mongolia', 976, 'MNT'),
(135, 'Montserrat', 1, 'XCD'),
(136, 'Morocco', 212, 'MAD'),
(137, 'Mozambique', 258, 'MZN'),
(138, 'Myanmar', 95, 'MMK'),
(139, 'Namibia', 264, 'NAD'),
(140, 'Nauru', 674, 'AUD'),
(141, 'Nepal', 977, 'NPR'),
(142, 'Netherlands', 31, 'EUR'),
(143, 'Netherlands Antilles', 599, 'ANG'),
(144, 'New Caledonia (French)', 687, 'XPF'),
(145, 'New Zealand', 64, 'NZD'),
(146, 'Nicaragua', 505, 'NIO'),
(147, 'Niger', 227, 'XOF'),
(148, 'Nigeria', 234, 'NGN'),
(149, 'Niue', 683, 'NZD'),
(150, 'Norfolk Island', 1, 'AUD'),
(151, 'Norway', 47, 'NOK'),
(152, 'Oman', 968, 'OMR'),
(153, 'Pakistan', 92, 'PKR'),
(154, 'Palau', 680, 'USD'),
(155, 'Panama', 507, 'PAB'),
(156, 'Papua New Guinea', 675, 'PGK'),
(157, 'Paraguay', 595, 'PYG'),
(158, 'Peru', 51, 'PEN'),
(159, 'Philippines', 63, 'PHP'),
(160, 'Poland', 48, 'PLN'),
(161, 'Portugal', 351, 'EUR'),
(162, 'Puerto Rico', 1, 'USD'),
(163, 'Qatar', 974, 'QAR'),
(164, 'Reunion (French)', 262, 'EUR'),
(165, 'Romania', 40, 'RON'),
(166, 'Russia', 7, 'RUB'),
(167, 'Rwanda', 250, 'RWF'),
(168, 'Saint Helena', 290, 'SHP'),
(169, 'Saint Kitts & Nevis Anguilla', 1, 'XCD'),
(170, 'Saint Lucia', 1, 'XCD'),
(171, 'Saint Pierre and Miquelon', 508, 'EUR'),
(172, 'Saint Vincent & Grenadines', 1, 'XCD'),
(173, 'Samoa', 685, 'WST'),
(174, 'San Marino', 378, 'EUR'),
(175, 'Sao Tome and Principe', 239, 'STD'),
(176, 'Saudi Arabia', 966, 'SAR'),
(177, 'Senegal', 221, 'XOF'),
(178, 'Serbia', 381, 'RSD'),
(179, 'Seychelles', 248, 'SCR'),
(180, 'Sierra Leone', 232, 'SLL'),
(181, 'Singapore', 65, 'SGD'),
(182, 'Slovakia', 421, 'EUR'),
(183, 'Slovenia', 386, 'EUR'),
(184, 'Solomon Islands', 677, 'SBD'),
(185, 'Somalia', 252, 'SOS'),
(186, 'South Africa', 27, 'ZAR'),
(187, 'Spain', 34, 'EUR'),
(188, 'Sri Lanka', 94, 'LKR'),
(189, 'Sudan', 249, 'SDG'),
(190, 'Suriname', 597, 'SRD'),
(191, 'Swaziland', 268, 'SZL'),
(192, 'Sweden', 46, 'SEK'),
(193, 'Switzerland', 41, 'CHF'),
(194, 'Syria', 963, 'SYP'),
(195, 'Tajikistan', 992, 'TJS'),
(196, 'Tanzania', 255, 'TZS'),
(197, 'Thailand', 66, 'THB'),
(198, 'Togo', 228, 'XOF'),
(199, 'Tokelau', 690, 'NZD'),
(200, 'Tonga', 676, 'TOP'),
(201, 'Trinidad and Tobago', 1, 'TTD'),
(202, 'Tunisia', 216, 'TND'),
(203, 'Turkey', 90, 'TRY'),
(204, 'Turkmenistan', 993, 'TMT'),
(205, 'Turks and Caicos Islands', 1, 'USD'),
(206, 'Tuvalu', 688, 'AUD'),
(207, 'Uganda', 256, 'UGX'),
(208, 'Ukraine', 380, 'UAH'),
(209, 'United Arab Emirates', 971, 'AED'),
(210, 'United Kingdom', 44, 'GBP'),
(211, 'United States of America', 1, 'USD'),
(212, 'Uruguay', 598, 'UYU'),
(213, 'Uzbekistan', 998, 'UZS'),
(214, 'Vanuatu', 678, 'VUV'),
(215, 'Vatican', 379, 'EUR'),
(216, 'Venezuela', 58, 'VEF'),
(217, 'Vietnam', 84, 'VND'),
(218, 'Wallis and Futuna Islands', 681, 'XPF'),
(219, 'Yemen', 967, 'YER'),
(220, 'Zambia', 260, 'ZMW'),
(221, 'Zimbabwe', 263, 'ZWD');

-- --------------------------------------------------------

--
-- Table structure for table `denominations`
--

CREATE TABLE IF NOT EXISTS `denominations` (
  `denomination_id` smallint(3) unsigned NOT NULL AUTO_INCREMENT,
  `denom` varchar(50) NOT NULL,
  UNIQUE KEY `id` (`denomination_id`)
) ENGINE=InnoDB  DEFAULT CHARSET=utf8 AUTO_INCREMENT=36 ;

--
-- Dumping data for table `denominations`
--

INSERT INTO `denominations` (`denomination_id`, `denom`) VALUES
(1, 'Adventist'),
(2, 'Anglican / Episcopal'),
(3, 'Apostolic'),
(4, 'Assyrian'),
(5, 'Assembly of God (AG)'),
(6, 'Baptist'),
(7, 'Born Again'),
(8, 'Brethren'),
(9, 'Calvinist'),
(10, 'Catholic'),
(11, 'Church of God'),
(12, 'Church of South India (CSI)'),
(13, 'Church of Christ'),
(14, 'Congregational'),
(15, 'Evangelical'),
(16, 'Jacobite'),
(17, 'Jehovah''s Witnesses'),
(18, 'Jewish'),
(19, 'Latin Catholic'),
(20, 'Latter day saints'),
(21, 'Lutheran'),
(22, 'Malankara'),
(23, 'Marthoma'),
(24, 'Melkite'),
(25, 'Mennonite'),
(26, 'Methodist'),
(27, 'Moravian'),
(28, 'Orthodox'),
(29, 'Pentecostal'),
(30, 'Protestant'),
(31, 'Presbyterian'),
(32, 'Seventh-day Adventist'),
(33, 'Syro Malabar'),
(34, 'Syrian Catholic'),
(35, 'Others');

-- --------------------------------------------------------

--
-- Table structure for table `education`
--

CREATE TABLE IF NOT EXISTS `education` (
  `education_id` smallint(3) unsigned NOT NULL AUTO_INCREMENT,
  `education` varchar(40) NOT NULL,
  `edu_type` int(1) NOT NULL,
  PRIMARY KEY (`education_id`)
) ENGINE=InnoDB  DEFAULT CHARSET=utf8 AUTO_INCREMENT=84 ;

--
-- Dumping data for table `education`
--

INSERT INTO `education` (`education_id`, `education`, `edu_type`) VALUES
(1, 'BCA', 1),
(2, 'Aeronautical Engineering', 1),
(3, 'B Arch', 1),
(4, 'B Plan', 1),
(5, 'BE', 1),
(6, 'B Tech', 1),
(7, 'BSc IT / Computer Science', 1),
(8, 'Other Bachelor Degree', 1),
(9, 'MS (Engg.)', 2),
(10, 'M Arch', 2),
(11, 'MCA', 2),
(12, 'PGDCA', 2),
(13, 'ME', 2),
(14, 'M Tech', 2),
(15, 'MSc IT / Computer Science', 2),
(16, 'Other Master Degree', 2),
(17, 'B Phil', 3),
(18, 'BCom', 3),
(19, 'BSc', 3),
(20, 'BA', 3),
(21, 'B Ed', 3),
(22, 'Aviation Degree', 3),
(23, 'BFA', 3),
(24, 'BLIS', 3),
(25, 'BSW', 3),
(26, 'BMM (MASS MEDIA)', 3),
(27, 'BFT', 3),
(28, 'Other Bachelor Degree', 3),
(29, 'M Phil', 4),
(30, 'M Com', 4),
(31, 'M Sc', 4),
(32, 'MA', 4),
(33, 'M Ed', 4),
(34, 'MLIS', 4),
(35, 'MSW', 4),
(36, 'Other Master Degree', 4),
(37, 'BHM', 5),
(38, 'BBA', 5),
(39, 'BFM (Financial Management)', 5),
(40, 'Other Bachelor Degree in Management', 5),
(41, 'MHM', 6),
(42, 'MBA', 6),
(43, 'PGDM', 6),
(44, 'MHRM (Human Resource Management)', 6),
(45, 'MFM (Financial Management)', 6),
(46, 'Other Master Degree  in Management', 6),
(47, 'MBBS', 7),
(48, 'BDS', 7),
(49, 'BPT', 7),
(50, 'BHMS', 7),
(51, 'BAMS', 7),
(52, 'B Pharm', 7),
(53, 'BSMS', 7),
(54, 'BUMS', 7),
(55, 'Other Bachelor Degree in Medicine', 7),
(56, 'MD / MS (Medical)', 8),
(57, 'MDS', 8),
(58, 'MVSc', 8),
(59, 'MPT', 8),
(60, 'Other Master Degree in Medicine', 8),
(61, 'BGL', 9),
(62, 'BL', 9),
(63, 'LLB', 9),
(64, 'Other Bachelor Degree in Legal', 9),
(65, 'ML', 10),
(66, 'LLM', 10),
(67, 'Other Master Degree in  Legal', 10),
(68, 'CA', 11),
(69, 'ICWA', 11),
(70, 'CS', 11),
(71, 'CFA (Chartered Financial Analyst)', 11),
(72, 'Other Degree in Finance', 11),
(73, 'IAS', 12),
(74, 'IPS', 12),
(75, 'IRS', 12),
(76, 'IES', 12),
(77, 'IFS', 12),
(78, 'Other Degree in Service', 12),
(79, 'Ph D', 13),
(80, 'Trade School', 14),
(81, 'Diploma', 14),
(82, 'Polytechnic', 14),
(83, 'High School', 15);

-- --------------------------------------------------------

--
-- Table structure for table `family`
--

CREATE TABLE IF NOT EXISTS `family` (
  `family_id` int(11) unsigned NOT NULL,
  `family_value` tinyint(1) NOT NULL,
  `family_type` tinyint(1) NOT NULL,
  `family_status` tinyint(1) NOT NULL,
  `ancestral_origin` varchar(20) DEFAULT NULL,
  `father_occupation` varchar(30) DEFAULT NULL,
  `mother_occupation` varchar(30) DEFAULT NULL,
  `no_brothers` tinyint(1) DEFAULT NULL,
  `bro_married` tinyint(1) DEFAULT NULL,
  `no_sisters` tinyint(1) DEFAULT NULL,
  `sis_married` tinyint(1) DEFAULT NULL,
  `family_desc` varchar(500) DEFAULT NULL,
  PRIMARY KEY (`family_id`)
) ENGINE=InnoDB DEFAULT CHARSET=utf8;

--
-- Dumping data for table `family`
--

INSERT INTO `family` (`family_id`, `family_value`, `family_type`, `family_status`, `ancestral_origin`, `father_occupation`, `mother_occupation`, `no_brothers`, `bro_married`, `no_sisters`, `sis_married`, `family_desc`) VALUES
(1111127, 1, 1, 1, NULL, NULL, NULL, 2, 99, 99, 0, NULL),
(1111128, 1, 1, 1, NULL, NULL, NULL, 1, 1, 1, 1, NULL),
(1111129, 1, 1, 1, NULL, NULL, NULL, 1, 1, 1, 1, NULL);

-- --------------------------------------------------------

--
-- Table structure for table `interests`
--

CREATE TABLE IF NOT EXISTS `interests` (
  `id` int(11) unsigned NOT NULL,
  `cuisine` varchar(100) DEFAULT NULL,
  `other_cuisine` varchar(20) DEFAULT NULL,
  `music` varchar(100) DEFAULT NULL,
  `other_music` varchar(20) DEFAULT NULL,
  `reading` varchar(100) DEFAULT NULL,
  `other_reading` varchar(20) DEFAULT NULL,
  `hobbies` varchar(100) DEFAULT NULL,
  `other_hobbies` varchar(20) DEFAULT NULL,
  `interests` varchar(100) DEFAULT NULL,
  `other_interests` varchar(20) DEFAULT NULL,
  `dressing` varchar(100) DEFAULT NULL,
  `other_dressing` varchar(20) DEFAULT NULL,
  `movies` varchar(100) DEFAULT NULL,
  `other_movies` varchar(20) DEFAULT NULL,
  `languages` varchar(100) DEFAULT NULL,
  `other_languages` varchar(20) DEFAULT NULL,
  `sports` varchar(100) DEFAULT NULL,
  `other_sports` varchar(20) DEFAULT NULL,
  PRIMARY KEY (`id`)
) ENGINE=InnoDB DEFAULT CHARSET=utf8;

--
-- Dumping data for table `interests`
--

INSERT INTO `interests` (`id`, `cuisine`, `other_cuisine`, `music`, `other_music`, `reading`, `other_reading`, `hobbies`, `other_hobbies`, `interests`, `other_interests`, `dressing`, `other_dressing`, `movies`, `other_movies`, `languages`, `other_languages`, `sports`, `other_sports`) VALUES
(1111127, '1', NULL, '', NULL, '', NULL, '', NULL, '', NULL, '', NULL, '', NULL, '', NULL, '', NULL),
(1111128, '1~2', NULL, '', NULL, '', NULL, '', NULL, '', NULL, '', NULL, '', NULL, '', NULL, '', NULL),
(1111129, '1', NULL, '', NULL, '', NULL, '', NULL, '', NULL, '', NULL, '', NULL, '', NULL, '', NULL);

-- --------------------------------------------------------

--
-- Table structure for table `languages`
--

CREATE TABLE IF NOT EXISTS `languages` (
  `id` smallint(3) unsigned NOT NULL AUTO_INCREMENT,
  `language` varchar(50) NOT NULL,
  PRIMARY KEY (`id`)
) ENGINE=InnoDB  DEFAULT CHARSET=utf8 AUTO_INCREMENT=82 ;

--
-- Dumping data for table `languages`
--

INSERT INTO `languages` (`id`, `language`) VALUES
(1, 'Albanian'),
(2, 'Arabic'),
(3, 'Arunachali'),
(4, 'Assamese'),
(5, 'Awadhi'),
(6, 'Bahasa indonesia'),
(7, 'Bengali'),
(8, 'Bhojpuri'),
(9, 'Bhutia'),
(10, 'Bihari'),
(11, 'Brij'),
(12, 'Chatisgarhi'),
(13, 'Chichewa'),
(14, 'Chinese'),
(15, 'Dogri'),
(16, 'Dutch'),
(17, 'English'),
(18, 'Farsi'),
(19, 'Filipino'),
(20, 'French'),
(21, 'Garhwali'),
(22, 'Garo'),
(23, 'German'),
(24, 'Gujarati'),
(25, 'Haryanvi'),
(26, 'Hausa'),
(27, 'Himachali/Pahari'),
(28, 'Hindi'),
(29, 'Italian'),
(30, 'Javanese'),
(31, 'Kakbarak'),
(32, 'Kanauji'),
(33, 'Kannada'),
(34, 'Kashmiri'),
(35, 'Khandesi'),
(36, 'Khasi'),
(37, 'Kiswahili'),
(38, 'Konkani'),
(39, 'Koshali'),
(40, 'Kumoani'),
(41, 'Kurdish'),
(42, 'Kutchi'),
(43, 'Ladacki'),
(44, 'Lepcha'),
(45, 'Magahi'),
(46, 'Maithili'),
(47, 'Malay'),
(48, 'Malayalam'),
(49, 'Mandarin'),
(50, 'Manipuri'),
(51, 'Marathi'),
(52, 'Marwari'),
(53, 'Miji'),
(54, 'Mizo'),
(55, 'Monpa'),
(56, 'Nepali'),
(57, 'Nicobarese'),
(58, 'Odiya'),
(59, 'Pashtu'),
(60, 'Persian'),
(61, 'Portuguese'),
(62, 'Punjabi'),
(63, 'Rajasthani'),
(64, 'Russian'),
(65, 'Sanskrit'),
(66, 'Santhali'),
(67, 'Serbian'),
(68, 'Sindhi'),
(69, 'Sinhalese'),
(70, 'Sourashtra'),
(71, 'Spanish'),
(72, 'Sundanese'),
(73, 'Tamil'),
(74, 'Telugu'),
(75, 'Thai'),
(76, 'Tripuri'),
(77, 'Tulu'),
(78, 'Turkish'),
(79, 'Turkmen'),
(80, 'Urdu'),
(81, 'Vietnamese');

-- --------------------------------------------------------

--
-- Table structure for table `notifications`
--

CREATE TABLE IF NOT EXISTS `notifications` (
  `id` int(11) unsigned NOT NULL AUTO_INCREMENT,
  `email` varchar(50) NOT NULL,
  `date` timestamp NOT NULL DEFAULT CURRENT_TIMESTAMP ON UPDATE CURRENT_TIMESTAMP,
  PRIMARY KEY (`id`)
) ENGINE=InnoDB  DEFAULT CHARSET=utf8 AUTO_INCREMENT=6 ;

--
-- Dumping data for table `notifications`
--

INSERT INTO `notifications` (`id`, `email`, `date`) VALUES
(1, 'santhosh.surana@gmail.com', '2014-01-16 14:16:08'),
(2, 'demo@demo.com', '2014-01-16 15:22:48'),
(4, 'navee.yelipe@gmail.com', '2014-01-17 09:39:15'),
(5, 'seeta.oy@gmail.com', '2014-01-23 07:38:14');

-- --------------------------------------------------------

--
-- Table structure for table `occupation`
--

CREATE TABLE IF NOT EXISTS `occupation` (
  `id` smallint(3) unsigned NOT NULL AUTO_INCREMENT,
  `occupation` varchar(50) NOT NULL,
  UNIQUE KEY `id` (`id`)
) ENGINE=InnoDB  DEFAULT CHARSET=utf8 AUTO_INCREMENT=62 ;

--
-- Dumping data for table `occupation`
--

INSERT INTO `occupation` (`id`, `occupation`) VALUES
(1, 'Accounts / Finance Professional'),
(2, 'Administrative Professional'),
(3, 'Advertising / PR Professional'),
(4, 'Agriculture &amp; Farming Professional'),
(5, 'Air Hostess'),
(6, 'Airforce'),
(7, 'Airline Professional'),
(8, 'Architect'),
(9, 'Army'),
(10, 'Arts &amp; Craftsman'),
(11, 'Auditor'),
(12, 'Banking Service Professional'),
(13, 'Beautician'),
(14, 'Business Analyst'),
(15, 'Chartered Accountant'),
(16, 'Civil Services (IAS/IPS/IRS/IES/IFS)'),
(17, 'Clerk'),
(18, 'Company Secretary'),
(19, 'Consultant'),
(20, 'Customer Care Professional'),
(21, 'CXO / President, Director, Chairman'),
(22, 'Designer'),
(23, 'Web Designer'),
(24, 'Doctor'),
(25, 'Education Professional'),
(26, 'Engineer Non IT'),
(27, 'Entertainment Professional'),
(28, 'Event Management Professional'),
(29, 'Executive'),
(30, 'Fashion Designer'),
(31, 'Financial Accountant'),
(32, 'Financial Analyst / Planning'),
(33, 'Hardware Professional'),
(34, 'Health Care Professional'),
(35, 'Hotel / Hospitality Profession'),
(36, 'Human Resources Professional'),
(37, 'Interior Designer'),
(38, 'Journalist'),
(39, 'Law Enforcement Officer'),
(40, 'Lawyer &amp; Legal Professiona'),
(41, 'Librarian'),
(42, 'Manager'),
(43, 'Mariner / Merchant Navy'),
(44, 'Marketing Professional'),
(45, 'Media Professional'),
(46, 'Navy'),
(47, 'Nurse'),
(48, 'Officer'),
(49, 'Paramedical Professional'),
(50, 'Pilot'),
(51, 'Professor / Lecturer'),
(52, 'Sales Professional'),
(53, 'Scientist / Researcher'),
(54, 'Social Worker'),
(55, 'Software Professional'),
(56, 'Sportsman'),
(57, 'Student'),
(58, 'Supervisor'),
(59, 'Teaching / Academician'),
(60, 'Technician'),
(61, 'Not working');

-- --------------------------------------------------------

--
-- Table structure for table `partner`
--

CREATE TABLE IF NOT EXISTS `partner` (
  `partner_id` int(11) unsigned NOT NULL,
  `gender` tinyint(1) NOT NULL,
  `start_age` smallint(3) unsigned NOT NULL,
  `end_age` smallint(3) unsigned NOT NULL,
  `marital_status` varchar(100) NOT NULL,
  `child_live` tinyint(1) NOT NULL,
  `physical_status` tinyint(1) NOT NULL,
  `height_from` smallint(3) unsigned NOT NULL,
  `height_to` smallint(3) unsigned NOT NULL,
  `denomination` varchar(20) NOT NULL,
  `mother_tongue` varchar(100) NOT NULL,
  `caste` varchar(20) NOT NULL,
  `eat_habit` varchar(20) NOT NULL,
  `smk_habit` varchar(20) DEFAULT NULL,
  `drnk_habit` varchar(20) DEFAULT NULL,
  `country` varchar(20) NOT NULL,
  `in_state` varchar(20) NOT NULL,
  `usa_state` varchar(30) NOT NULL,
  `city` varchar(20) NOT NULL,
  `citizenship` varchar(20) NOT NULL,
  `education` varchar(20) NOT NULL,
  `occupation` varchar(20) NOT NULL,
  `from_income` varchar(20) DEFAULT NULL,
  `to_income` varchar(20) DEFAULT NULL,
  `description` varchar(500) DEFAULT NULL,
  PRIMARY KEY (`partner_id`)
) ENGINE=InnoDB DEFAULT CHARSET=utf8;

--
-- Dumping data for table `partner`
--

INSERT INTO `partner` (`partner_id`, `gender`, `start_age`, `end_age`, `marital_status`, `child_live`, `physical_status`, `height_from`, `height_to`, `denomination`, `mother_tongue`, `caste`, `eat_habit`, `smk_habit`, `drnk_habit`, `country`, `in_state`, `usa_state`, `city`, `citizenship`, `education`, `occupation`, `from_income`, `to_income`, `description`) VALUES
(1111127, 1, 22, 27, '1~', 1, 1, 142, 173, '4', '4', '3', '1~', '1~', '1~', '0', '0', '0', '0', '0', '1~2~5~6~7~8~9~10~11~', '0', '0', '0', ''),
(1111128, 1, 23, 28, '2~', 1, 1, 137, 168, '1', '1', '1', '1~', '1~', '1~', '93~211', '53', '1~3', '2~3', '0', '1~2~5~6~7~8~9~10~11~', '0', '3', '6', 'seetu seetu seetu seetu seetu seetu seetu seetu seetu seetu seetu seetu seetu seetu seetu seetu seetu seetu seetu seetu seetu '),
(1111129, 0, 18, 22, '1~', 0, 1, 137, 155, '1', '1', '1', '2~', '1~', '1~', '0', '0', '0', '0', '0', '1~2~5~6~7~8~9~10~11~', '0', '0', '0', '');

-- --------------------------------------------------------

--
-- Table structure for table `personal`
--

CREATE TABLE IF NOT EXISTS `personal` (
  `user_id` int(11) unsigned NOT NULL,
  `profile_for` tinyint(1) unsigned NOT NULL,
  `name` varchar(40) NOT NULL,
  `gender` tinyint(1) unsigned NOT NULL,
  `dob` date NOT NULL,
  `age` tinyint(3) unsigned NOT NULL,
  `height` smallint(3) unsigned NOT NULL,
  `weight` smallint(3) unsigned NOT NULL,
  `body_type` tinyint(1) unsigned NOT NULL,
  `complexion` tinyint(1) unsigned NOT NULL,
  `physic_status` tinyint(1) unsigned NOT NULL,
  `marital_status` tinyint(1) unsigned NOT NULL,
  `no_child` tinyint(1) unsigned DEFAULT NULL,
  `child_live` tinyint(1) unsigned DEFAULT NULL,
  `religion` tinyint(2) unsigned NOT NULL DEFAULT '8',
  `denomination` smallint(3) unsigned NOT NULL,
  `caste` smallint(3) unsigned NOT NULL,
  `subcaste` varchar(20) DEFAULT NULL,
  `mother_tongue` smallint(3) unsigned NOT NULL,
  `country` smallint(3) unsigned NOT NULL,
  `state` varchar(25) NOT NULL,
  `user_state` varchar(30) DEFAULT NULL,
  `city` varchar(25) NOT NULL,
  `user_city` varchar(30) DEFAULT NULL,
  `citizenship` smallint(3) unsigned NOT NULL,
  `resident_status` tinyint(1) unsigned NOT NULL DEFAULT '1',
  `religious_view` tinyint(1) unsigned NOT NULL,
  `mcode` smallint(3) unsigned NOT NULL,
  `mobile_no` decimal(10,0) NOT NULL,
  `ethnicity` tinyint(1) unsigned NOT NULL,
  `eating_habits` tinyint(1) unsigned NOT NULL,
  `smk_habits` tinyint(1) unsigned NOT NULL,
  `drink_habit` tinyint(1) unsigned NOT NULL,
  `description` varchar(250) DEFAULT NULL,
  PRIMARY KEY (`user_id`),
  KEY `denomination` (`denomination`),
  KEY `citizenship` (`citizenship`),
  KEY `religion` (`religion`),
  KEY `caste` (`caste`),
  KEY `mother_tongue` (`mother_tongue`),
  KEY `country` (`country`),
  KEY `mcode` (`mcode`)
) ENGINE=InnoDB DEFAULT CHARSET=utf8;

--
-- Dumping data for table `personal`
--

INSERT INTO `personal` (`user_id`, `profile_for`, `name`, `gender`, `dob`, `age`, `height`, `weight`, `body_type`, `complexion`, `physic_status`, `marital_status`, `no_child`, `child_live`, `religion`, `denomination`, `caste`, `subcaste`, `mother_tongue`, `country`, `state`, `user_state`, `city`, `user_city`, `citizenship`, `resident_status`, `religious_view`, `mcode`, `mobile_no`, `ethnicity`, `eating_habits`, `smk_habits`, `drink_habit`, `description`) VALUES
(1111127, 3, 'santhosh kumar surana', 0, '1992-04-03', 21, 173, 57, 1, 1, 1, 3, 1, 1, 8, 4, 3, 'asdasdasd', 4, 121, '53', NULL, '3', NULL, 210, 1, 1, 60, '9494485551', 3, 1, 1, 1, 'asdas das dasdas dsadasdsa dasd asdasd asd asdasdas dasd '),
(1111128, 1, 'seethu', 0, '1991-11-17', 22, 137, 43, 3, 3, 1, 2, 1, 1, 8, 1, 1, '', 1, 211, '1', NULL, 'down town', NULL, 93, 4, 1, 1, '9638527410', 1, 1, 1, 1, 'seetu seetu seetu seetu seetu seetu seetu seetu seetu seetu seetu seetu seetu seetu seetu seetu seetu seetu seetu seetu seetu seetu seetu seetu'),
(1111129, 1, 'dfdsfdsf', 1, '1990-07-07', 23, 145, 47, 1, 1, 1, 1, 0, 0, 8, 1, 1, '', 1, 13, '0', '', '0', '', 209, 3, 2, 61, '9638527410', 9, 2, 1, 1, 'dsadasd asdasds adasdas das d asdas das dasd asdasd asdas ');

-- --------------------------------------------------------

--
-- Table structure for table `photos`
--

CREATE TABLE IF NOT EXISTS `photos` (
  `photo_id` bigint(20) unsigned NOT NULL AUTO_INCREMENT,
  `user_id` int(11) unsigned NOT NULL,
  `url` varchar(500) NOT NULL,
  `status` tinyint(1) NOT NULL,
  `date` timestamp NOT NULL DEFAULT CURRENT_TIMESTAMP ON UPDATE CURRENT_TIMESTAMP,
  PRIMARY KEY (`photo_id`),
  KEY `user_id` (`user_id`)
) ENGINE=InnoDB  DEFAULT CHARSET=utf8 AUTO_INCREMENT=9 ;

--
-- Dumping data for table `photos`
--

INSERT INTO `photos` (`photo_id`, `user_id`, `url`, `status`, `date`) VALUES
(3, 1111127, '../uploads/600/1111127.jpg', 0, '2014-01-09 18:38:26'),
(4, 1111127, '../uploads/600/1111127.jpg', 0, '2014-01-09 18:42:44'),
(5, 1111127, '../uploads/600/1111127.jpg', 0, '2014-01-09 18:46:36'),
(6, 1111127, '../uploads/600/1111127.jpg', 0, '2014-01-09 18:47:46'),
(7, 1111128, '../uploads/600/1111128.jpg', 0, '2014-01-17 07:04:50'),
(8, 1111129, '../uploads/600/1111129.jpg', 0, '2014-01-18 04:57:43');

-- --------------------------------------------------------

--
-- Table structure for table `professional`
--

CREATE TABLE IF NOT EXISTS `professional` (
  `user_id` int(11) unsigned NOT NULL,
  `education` smallint(3) unsigned NOT NULL,
  `edu_details` varchar(30) NOT NULL,
  `employed_in` tinyint(1) unsigned NOT NULL,
  `occupation` smallint(3) unsigned NOT NULL,
  `ocp_details` varchar(30) NOT NULL,
  `income_type` tinyint(1) unsigned NOT NULL,
  `currency_code` tinyint(3) unsigned NOT NULL,
  `income` decimal(10,2) unsigned DEFAULT NULL,
  PRIMARY KEY (`user_id`),
  KEY `education` (`education`),
  KEY `occupation` (`occupation`),
  KEY `currency_code` (`currency_code`)
) ENGINE=InnoDB DEFAULT CHARSET=utf8;

--
-- Dumping data for table `professional`
--

INSERT INTO `professional` (`user_id`, `education`, `edu_details`, `employed_in`, `occupation`, `ocp_details`, `income_type`, `currency_code`, `income`) VALUES
(1111127, 4, '', 1, 48, '', 0, 121, '25000.00'),
(1111128, 6, '', 1, 42, '', 0, 93, '90000.00'),
(1111129, 4, '', 1, 2, '', 0, 13, '90000.00');

-- --------------------------------------------------------

--
-- Table structure for table `religion`
--

CREATE TABLE IF NOT EXISTS `religion` (
  `religion_id` tinyint(2) unsigned NOT NULL AUTO_INCREMENT,
  `religion_name` varchar(50) NOT NULL,
  PRIMARY KEY (`religion_id`)
) ENGINE=InnoDB  DEFAULT CHARSET=utf8 AUTO_INCREMENT=25 ;

--
-- Dumping data for table `religion`
--

INSERT INTO `religion` (`religion_id`, `religion_name`) VALUES
(1, 'African Traditional & Diasporic'),
(2, 'Agnostic'),
(3, 'Atheist'),
(4, 'Baha''i'),
(5, 'Buddhism'),
(6, 'Cao Dai'),
(7, 'Chinese traditional religion'),
(8, 'Christianity'),
(9, 'Hinduism'),
(10, 'Islam'),
(11, 'Jainism'),
(12, 'Juche'),
(13, 'Judaism'),
(14, 'Neo-Paganism'),
(15, 'Nonreligious'),
(16, 'primal-indigenous'),
(17, 'Rastafarianism'),
(18, 'Secular'),
(19, 'Shinto'),
(20, 'Sikhism'),
(21, 'Spiritism'),
(22, 'Tenrikyo'),
(23, 'Unitarian-Universalism'),
(24, 'Zoroastrianism');

-- --------------------------------------------------------

--
-- Table structure for table `states`
--

CREATE TABLE IF NOT EXISTS `states` (
  `state_id` smallint(5) unsigned NOT NULL AUTO_INCREMENT,
  `state_name` varchar(30) NOT NULL,
  `country_id` smallint(3) unsigned NOT NULL,
  PRIMARY KEY (`state_id`),
  KEY `country_id` (`country_id`)
) ENGINE=InnoDB  DEFAULT CHARSET=utf8 AUTO_INCREMENT=87 ;

--
-- Dumping data for table `states`
--

INSERT INTO `states` (`state_id`, `state_name`, `country_id`) VALUES
(1, 'Alabama', 211),
(2, 'Alaska', 211),
(3, 'Arizona', 211),
(4, 'Arkansas', 211),
(5, 'California', 211),
(6, 'Colorado', 211),
(7, 'Connecticut', 211),
(8, 'Delaware', 211),
(9, 'District of Columbia', 211),
(10, 'Florida', 211),
(11, 'Georgia', 211),
(12, 'Hawaii', 211),
(13, 'Idaho', 211),
(14, 'Illinois', 211),
(15, 'Indiana', 211),
(16, 'Iowa', 211),
(17, 'Kansas', 211),
(18, 'Kentucky', 211),
(19, 'Louisiana', 211),
(20, 'Maine', 211),
(21, 'Maryland', 211),
(22, 'Massachusetts', 211),
(23, 'Michigan', 211),
(24, 'Minnesota', 211),
(25, 'Mississippi', 211),
(26, 'Missouri', 211),
(27, 'Montana', 211),
(28, 'Nebraska', 211),
(29, 'Nevada', 211),
(30, 'New Hampshire', 211),
(31, 'New Jersey', 211),
(32, 'New Mexico', 211),
(33, 'New York', 211),
(34, 'North Carolina', 211),
(35, 'North Dakota', 211),
(36, 'Ohio', 211),
(37, 'Oklahoma', 211),
(38, 'Oregon', 211),
(39, 'Pennsylvania', 211),
(40, 'Rhode Island', 211),
(41, 'South Carolina', 211),
(42, 'South Dakota', 211),
(43, 'Tennessee', 211),
(44, 'Texas', 211),
(45, 'Utah', 211),
(46, 'Vermont', 211),
(47, 'Virginia', 211),
(48, 'Washington', 211),
(49, 'West Virginia', 211),
(50, 'Wisconsin', 211),
(51, 'Wyoming', 211),
(52, 'Andaman & Nicobar', 93),
(53, 'Andhra Pradesh', 93),
(54, 'Arunachal Pradesh', 93),
(55, 'Assam', 93),
(56, 'Bihar', 93),
(57, 'Chandigarh', 93),
(58, 'Chhattisgarh', 93),
(59, 'Dadra & Nagar Haveli', 93),
(60, 'Daman & Diu', 93),
(61, 'Delhi', 93),
(62, 'Goa', 93),
(63, 'Gujarat', 93),
(64, 'Haryana', 93),
(65, 'Himachal Pradesh', 93),
(66, 'Jammu & Kashmir', 93),
(67, 'Jharkand', 93),
(68, 'Karnataka', 93),
(69, 'Kerala', 93),
(70, 'Lakshadeep', 93),
(71, 'Madhya Pradesh', 93),
(72, 'Maharashtra', 93),
(73, 'Manipur', 93),
(74, 'Meghalaya', 93),
(75, 'Mizoram', 93),
(76, 'Nagaland', 93),
(77, 'Odisha', 93),
(78, 'Pondicherry', 93),
(79, 'Punjab', 93),
(80, 'Rajasthan', 93),
(81, 'Sikkim', 93),
(82, 'Tamil Nadu', 93),
(83, 'Tripura', 93),
(84, 'Uttar Pradesh', 93),
(85, 'Uttarakhand', 93),
(86, 'West Bengal', 93);

-- --------------------------------------------------------

--
-- Table structure for table `user`
--

CREATE TABLE IF NOT EXISTS `user` (
  `id` int(11) unsigned NOT NULL AUTO_INCREMENT,
  `email` varchar(100) NOT NULL,
  `password` varchar(32) NOT NULL,
  `login_token` varchar(32) NOT NULL,
  `status` tinyint(1) unsigned NOT NULL,
  `account_date` timestamp NOT NULL DEFAULT CURRENT_TIMESTAMP ON UPDATE CURRENT_TIMESTAMP,
  `last_login` timestamp NOT NULL DEFAULT '0000-00-00 00:00:00',
  `membership` tinyint(1) unsigned NOT NULL,
  `membership_start` timestamp NOT NULL DEFAULT '0000-00-00 00:00:00',
  `membership_expire` timestamp NOT NULL DEFAULT '0000-00-00 00:00:00',
  `highlighter` tinyint(1) unsigned NOT NULL,
  `highlighter_start` timestamp NOT NULL DEFAULT '0000-00-00 00:00:00',
  `highlighter_expire` timestamp NOT NULL DEFAULT '0000-00-00 00:00:00',
  `profile_day` tinyint(1) unsigned NOT NULL,
  `profile_day_start` timestamp NOT NULL DEFAULT '0000-00-00 00:00:00',
  `profile_day_expire` timestamp NOT NULL DEFAULT '0000-00-00 00:00:00',
  PRIMARY KEY (`id`)
) ENGINE=InnoDB  DEFAULT CHARSET=utf8 AUTO_INCREMENT=1111130 ;

--
-- Dumping data for table `user`
--

INSERT INTO `user` (`id`, `email`, `password`, `login_token`, `status`, `account_date`, `last_login`, `membership`, `membership_start`, `membership_expire`, `highlighter`, `highlighter_start`, `highlighter_expire`, `profile_day`, `profile_day_start`, `profile_day_expire`) VALUES
(1111111, 'admin', '21232f297a57a5a743894a0e4a801fc3', '716f181a957ae5be6ba0ab1f0f13ab25', 1, '2014-01-26 04:53:01', '2014-01-26 04:53:01', 1, '0000-00-00 00:00:00', '0000-00-00 00:00:00', 0, '0000-00-00 00:00:00', '0000-00-00 00:00:00', 0, '0000-00-00 00:00:00', '0000-00-00 00:00:00'),
(1111127, 'demo@demo.com', '62cc2d8b4bf2d8728120d052163a77df', 'd5c08bf5ff08d89ed6632520d8178bdd', 4, '2014-01-27 23:12:45', '2014-01-27 23:12:45', 0, '0000-00-00 00:00:00', '0000-00-00 00:00:00', 0, '0000-00-00 00:00:00', '0000-00-00 00:00:00', 1, '0000-00-00 00:00:00', '0000-00-00 00:00:00'),
(1111128, 'seethuoy@gmail.com', '9adb7ff07951d947e27be3ffc7791931', '1c6408b2b04f2b35b6fc15f88fdaeeae', 4, '2014-01-19 11:40:17', '2014-01-17 07:01:55', 0, '0000-00-00 00:00:00', '0000-00-00 00:00:00', 0, '0000-00-00 00:00:00', '0000-00-00 00:00:00', 1, '0000-00-00 00:00:00', '0000-00-00 00:00:00'),
(1111129, 'dem3o@demo.com', 'a152e841783914146e4bcd4f39100686', '0711ad3b4518b8a3a60a1d9f0ada8d81', 4, '2014-01-19 11:40:25', '2014-01-18 04:41:31', 0, '0000-00-00 00:00:00', '0000-00-00 00:00:00', 0, '0000-00-00 00:00:00', '0000-00-00 00:00:00', 1, '0000-00-00 00:00:00', '0000-00-00 00:00:00');

--
-- Constraints for dumped tables
--

--
-- Constraints for table `cities`
--
ALTER TABLE `cities`
  ADD CONSTRAINT `city_state` FOREIGN KEY (`state_id`) REFERENCES `states` (`state_id`) ON DELETE CASCADE ON UPDATE CASCADE;

--
-- Constraints for table `conversation`
--
ALTER TABLE `conversation`
  ADD CONSTRAINT `conv_from_user` FOREIGN KEY (`user_from`) REFERENCES `user` (`id`) ON DELETE CASCADE ON UPDATE CASCADE,
  ADD CONSTRAINT `conv_to_user` FOREIGN KEY (`user_to`) REFERENCES `user` (`id`) ON DELETE CASCADE ON UPDATE CASCADE;

--
-- Constraints for table `family`
--
ALTER TABLE `family`
  ADD CONSTRAINT `family_user` FOREIGN KEY (`family_id`) REFERENCES `user` (`id`) ON DELETE CASCADE ON UPDATE CASCADE;

--
-- Constraints for table `interests`
--
ALTER TABLE `interests`
  ADD CONSTRAINT `interests_user` FOREIGN KEY (`id`) REFERENCES `user` (`id`) ON DELETE CASCADE ON UPDATE CASCADE;

--
-- Constraints for table `partner`
--
ALTER TABLE `partner`
  ADD CONSTRAINT `partner_user` FOREIGN KEY (`partner_id`) REFERENCES `user` (`id`) ON DELETE CASCADE ON UPDATE CASCADE;

--
-- Constraints for table `personal`
--
ALTER TABLE `personal`
  ADD CONSTRAINT `caste_personal` FOREIGN KEY (`caste`) REFERENCES `castes` (`caste_id`) ON DELETE CASCADE ON UPDATE CASCADE,
  ADD CONSTRAINT `citizen_personal` FOREIGN KEY (`citizenship`) REFERENCES `countries` (`country_id`) ON DELETE CASCADE ON UPDATE CASCADE,
  ADD CONSTRAINT `country_personal` FOREIGN KEY (`country`) REFERENCES `countries` (`country_id`) ON DELETE CASCADE ON UPDATE CASCADE,
  ADD CONSTRAINT `denomination_personal` FOREIGN KEY (`denomination`) REFERENCES `denominations` (`denomination_id`) ON DELETE CASCADE ON UPDATE CASCADE,
  ADD CONSTRAINT `language_personal` FOREIGN KEY (`mother_tongue`) REFERENCES `languages` (`id`) ON DELETE CASCADE ON UPDATE CASCADE,
  ADD CONSTRAINT `mcode_personal` FOREIGN KEY (`mcode`) REFERENCES `countries` (`call_code`) ON DELETE CASCADE ON UPDATE CASCADE,
  ADD CONSTRAINT `personal_user` FOREIGN KEY (`user_id`) REFERENCES `user` (`id`) ON DELETE CASCADE ON UPDATE CASCADE,
  ADD CONSTRAINT `religion_personal` FOREIGN KEY (`religion`) REFERENCES `religion` (`religion_id`) ON DELETE CASCADE ON UPDATE CASCADE;

--
-- Constraints for table `photos`
--
ALTER TABLE `photos`
  ADD CONSTRAINT `photo_user` FOREIGN KEY (`user_id`) REFERENCES `user` (`id`) ON DELETE CASCADE ON UPDATE CASCADE;

--
-- Constraints for table `professional`
--
ALTER TABLE `professional`
  ADD CONSTRAINT `professional_education` FOREIGN KEY (`education`) REFERENCES `education` (`education_id`) ON DELETE CASCADE ON UPDATE CASCADE,
  ADD CONSTRAINT `professional_occupation` FOREIGN KEY (`occupation`) REFERENCES `occupation` (`id`) ON DELETE CASCADE ON UPDATE CASCADE,
  ADD CONSTRAINT `professional_user` FOREIGN KEY (`user_id`) REFERENCES `user` (`id`) ON DELETE CASCADE ON UPDATE CASCADE;

--
-- Constraints for table `states`
--
ALTER TABLE `states`
  ADD CONSTRAINT `state_country` FOREIGN KEY (`country_id`) REFERENCES `countries` (`country_id`) ON DELETE CASCADE ON UPDATE CASCADE;

/*!40101 SET CHARACTER_SET_CLIENT=@OLD_CHARACTER_SET_CLIENT */;
/*!40101 SET CHARACTER_SET_RESULTS=@OLD_CHARACTER_SET_RESULTS */;
/*!40101 SET COLLATION_CONNECTION=@OLD_COLLATION_CONNECTION */;
